"TimeVN","Tỉnh Hà Tây","Tỉnh Hà Giang","Tỉnh Hà Tây","Thủ Ðô Hà Nội","Tỉnh Hà Tĩnh"
"1/1/2014","0","0","0","0","0"
"1/2/2014","0","0","0","0","0"
"1/3/2014","0","0","0","0","0"
"1/4/2014","0","0","0","0","0"
"1/5/2014","0","0","0","0","0"
"1/6/2014","0","0","1","1.3","0"
"1/7/2014","0","0","0.6","0","0"
"1/8/2014","0","0","0.8","0","0"
"1/9/2014","0","0","0","0","0"
"1/10/2014","0","0","0","1","0"
"1/11/2014","0","0","3.1","0.3","0"
"1/12/2014","0","0","0.6","19","0.9"
"1/13/2014","0","5","2.1","6.1","10.3"
"1/14/2014","0","0","0","0","0"
"1/15/2014","0","0","0","0","0"
"1/16/2014","0","0","0","0","0"
"1/17/2014","0","0","0","0","0"
"1/18/2014","0","0","0","0","0"
"1/19/2014","0","0","0","0","0"
"1/20/2014","0","0","0","0","0"
"1/21/2014","0","0","0","0","0"
"1/22/2014","0","0","0","0","0"
"1/23/2014","0","0","0","0","0"
"1/24/2014","0","0","0","0","0"
"1/25/2014","0","0","0","0","0"
"1/26/2014","0","0","0","1","0"
"1/27/2014","0","0","0","1","0"
"1/28/2014","0","0","0","0","0"
"1/29/2014","0","0","0","1.2","0.2"
"1/30/2014","0","0","0","0","0"
"1/31/2014","0","0","0","0","0"
"2/1/2014","0","0","0","0","0"
"2/2/2014","0","0","0","0","0"
"2/3/2014","0","0","0","0","0"
"2/4/2014","0","0","0","0","0"
"2/5/2014","0","0","0","0","0"
"2/6/2014","0","0","0","0","0"
"2/7/2014","0","0","0","0","0"
"2/8/2014","0","0","0","0","0"
"2/9/2014","0","0","0.5","0","0"
"2/10/2014","0","0","0","0","0"
"2/11/2014","0","0","0","0.6","0"
"2/12/2014","0","0","0","0","0"
"2/13/2014","0","0","0.7","0.7","0.1"
"2/14/2014","0","0","0","0","0"
"2/15/2014","0","0","0","0","0"
"2/16/2014","0","0","0.3","0","0"
"2/17/2014","0","0","1.5","0","0"
"2/18/2014","0","1.3","6","2","3"
"2/19/2014","0","3","2.1","2","8"
"2/20/2014","0","0","0","0","0"
"2/21/2014","0","0","2.3","0","0"
"2/22/2014","0","0","1.7","0","0"
"2/23/2014","0","0","5","0.2","0"
"2/24/2014","0","0","5","0","0"
"2/25/2014","0","0","2","0.9","0.1"
"2/26/2014","0","0","2","4","0"
"2/27/2014","0","0","2","2.1","0"
"2/28/2014","0","0","4.1","0.2","0"
"3/1/2014","0","0","0","0.1","0"
"3/2/2014","0","0","0","0","0"
"3/3/2014","0","0","0.5","0","0"
"3/4/2014","0","0","0.2","0","0"
"3/5/2014","0","0","0","0","0"
"3/6/2014","0","0","2.1","0","0"
"3/7/2014","0","0","1.7","0","0"
"3/8/2014","0","0","1.2","0","0"
"3/9/2014","0","0","0","2.5","0"
"3/10/2014","0","0","0.9","0","0"
"3/11/2014","0","0","2.2","0","0"
"3/12/2014","0","0.1","0.1","3","0"
"3/13/2014","0","0","0","0","0"
"3/14/2014","0","0","0.1","4.1","0"
"3/15/2014","0","0","0","2.1","0.1"
"3/16/2014","0","0","1","0","0"
"3/17/2014","0","0","0.5","0","0"
"3/18/2014","0","0","1.2","0.2","0"
"3/19/2014","0","0","0.5","0","0"
"3/20/2014","0","0","2","0","0"
"3/21/2014","0","2","0.7","23","45.2"
"3/22/2014","0","3","14.1","12.3","5"
"3/23/2014","0","2","16","3.8","7.8"
"3/24/2014","0","19.8","39","25","22"
"3/25/2014","0","0","0","0.1","0"
"3/26/2014","0","0","0","3.1","0"
"3/27/2014","0","0","0.3","0.3","0"
"3/28/2014","0","0","0.3","0","0"
"3/29/2014","0","0","0","0","0"
"3/30/2014","0","0","0","0","0"
"3/31/2014","0","0","0","0","0"
"4/1/2014","0","1","18","0","0"
"4/2/2014","0","15","7.1","30","36"
"4/3/2014","0","0","0","0","0"
"4/4/2014","0","9","1","44","2"
"4/5/2014","0","0.3","0.8","1","2"
"4/6/2014","0","20","17","5","3"
"4/7/2014","0","6","6","11","13"
"4/8/2014","0","0","0","0.2","0"
"4/9/2014","0","0","4.2","7","0.1"
"4/10/2014","0","0","2","0","0"
"4/11/2014","0","0","4","0","0"
"4/12/2014","0","0","2.4","0","0"
"4/13/2014","0","0","3","0.5","0"
"4/14/2014","0","0","0.5","0.3","0"
"4/15/2014","0","3","0.2","0","0"
"4/16/2014","0","0","1","0.8","0"
"4/17/2014","0","0","0","0","0"
"4/18/2014","0","0","1.1","0","0"
"4/19/2014","0","0","2.1","0","0"
"4/20/2014","0","0","0.6","0.3","0"
"4/21/2014","0","0","0.1","3","0"
"4/22/2014","0","0","5","7.1","0"
"4/23/2014","0","0","2.5","1","0"
"4/24/2014","0","0","1","0","0"
"4/25/2014","0","0","0.4","0","0"
"4/26/2014","0","0","0","0","0"
"4/27/2014","0","17.2","17.2","26","8.5"
"4/28/2014","0","0","0","1.6","0.8"
"4/29/2014","0","8","2.7","1.4","0.7"
"4/30/2014","0","9","0.7","29.2","0.3"
"5/1/2014","0","0","0","0","0"
"5/2/2014","0","0","0","0","0"
"5/3/2014","0","0","4","8","35"
"5/4/2014","0","0","10.2","2.6","0"
"5/5/2014","0","8.2","7.1","9","11"
"5/6/2014","0","0","0.1","0.8","0.9"
"5/7/2014","0","0","0","0","0"
"5/8/2014","0","0","0.5","1","0"
"5/9/2014","0","0.3","0","0.9","0.5"
"5/10/2014","0","0","0","0","0"
"5/11/2014","0","0","0","0","0"
"5/12/2014","0","0.2","0","0.1","3"
"5/13/2014","0","0","0","0","0"
"5/14/2014","0","0","0","0","0"
"5/15/2014","0","0","12","0","0"
"5/16/2014","2","24","5","17","11"
"5/17/2014","0","0","0","0","0"
"5/18/2014","0","0","0","0","0"
"5/19/2014","0","4","0","0","0"
"5/20/2014","5","0","22","4","0"
"5/21/2014","0","0","0","0","1"
"5/22/2014","0","0","0","0","0"
"5/23/2014","0","0","0","0","0"
"5/24/2014","0","0","0","0","0"
"5/25/2014","0","0","0","0","0"
"5/26/2014","43","0.2","12","10","2"
"5/27/2014","24","8","112","0","0"
"5/28/2014","0","0","0","75.3","5.6"
"5/29/2014","0","0.8","0.4","0","0"
"5/30/2014","0","0","11.9","8","2"
"5/31/2014","0.4","0","0.1","14","0.5"
"6/1/2014","1","2","12","0","2"
"6/2/2014","0","0","0","0","0"
"6/3/2014","0","0","0","1","0"
"6/4/2014","0.7","0","0","0.2","1"
"6/5/2014","25","9.3","67","22","13"
"6/6/2014","0.6","0","50.3","1","7"
"6/7/2014","3","4.3","4.4","105.1","37"
"6/8/2014","2","0","5","0","0.3"
"6/9/2014","1.1","54","95","1.3","0"
"6/10/2014","13","13.2","45","3","4"
"6/11/2014","0.6","0","17","2","4"
"6/12/2014","2","0","5","0.4","0.2"
"6/13/2014","2","0","0","0.3","0.2"
"6/14/2014","0","0","0","0","0"
"6/15/2014","0","0","0","0","0.4"
"6/16/2014","9","0","7","0","1"
"6/17/2014","38","26","125","17","0.8"
"6/18/2014","69","0","0","0.8","17"
"6/19/2014","0.1","0","0","0","0"
"6/20/2014","0.2","0","0","0.2","0"
"6/21/2014","0.2","0","12","17","2"
"6/22/2014","0","0","0","0","13"
"6/23/2014","0","0","0","0","0"
"6/24/2014","0.7","7","0.5","0.1","4"
"6/25/2014","0.3","1","2","29","4.1"
"6/26/2014","0","0","0.1","0","0"
"6/27/2014","0","0","7","0","0"
"6/28/2014","0","16","14","35.3","19.8"
"6/29/2014","14.1","0","35","0.6","0"
"6/30/2014","0","28","18.2","2.2","4"
"7/1/2014","0.9","4.4","6","57","9.4"
"7/2/2014","0.9","0","57.6","0.9","0.8"
"7/3/2014","41","5","5","12","19"
"7/4/2014","0","15","15.9","0.5","0"
"7/5/2014","28","47","38.1","70.1","80"
"7/6/2014","0","0","0","0","0"
"7/7/2014","5","0","0.7","4.4","3.3"
"7/8/2014","0.2","0","0","5","13"
"7/9/2014","0","0","0","0.7","0"
"7/10/2014","1","0","4","16","15"
"7/11/2014","5","0","2","0.9","0.1"
"7/12/2014","0","3","0","6","0"
"7/13/2014","19","4","8.2","19","13"
"7/14/2014","11","0","0","19","4.1"
"7/15/2014","5.6","3","0.2","1.2","3.5"
"7/16/2014","0","0","0","7","5.7"
"7/17/2014","7.3","9","2","45","3"
"7/18/2014","0.5","5.5","13","0.8","2"
"7/19/2014","8","29","66","6","5"
"7/20/2014","59","51","104","171","101"
"7/21/2014","16","15","8.5","40","103"
"7/22/2014","0.5","0","0","12","25"
"7/23/2014","0","0","0","0","0"
"7/24/2014","0","0","0","0","0"
"7/25/2014","0","0","0","0","0"
"7/26/2014","29","0.7","4.1","58","14"
"7/27/2014","27.1","9","43","9","15"
"7/28/2014","0","7","2","3","0.2"
"7/29/2014","3.1","4","1","9.5","14"
"7/30/2014","2","0","0","0.3","5"
"7/31/2014","0","0","0","0","0"
"8/1/2014","0","0","0","0","0"
"8/2/2014","1","15","0","14","39.2"
"8/3/2014","13","0.3","126","0.7","5.2"
"8/4/2014","0","0.3","27","61","0.6"
"8/5/2014","21","0.2","0","21","42"
"8/6/2014","0","0","0","10","0.8"
"8/7/2014","0.9","0","0","42","22"
"8/8/2014","10","10","0.9","2","5"
"8/9/2014","0.7","0","0","4.1","31"
"8/10/2014","8.7","0","0","1.2","0.4"
"8/11/2014","2","29","0","42","0"
"8/12/2014","39","42","10","13","1"
"8/13/2014","0","10","0.7","12","46"
"8/14/2014","0.1","2.5","7","1","0.6"
"8/15/2014","0.2","0.2","8","0","0.6"
"8/16/2014","0.1","0.9","5","0.3","0"
"8/17/2014","0","0","2.1","3","0"
"8/18/2014","0.1","0.2","0","1.6","0.1"
"8/19/2014","20","59","62","22","21"
"8/20/2014","0","0","0","0","0"
"8/21/2014","0.3","0","0","2","0.1"
"8/22/2014","0","0","0.1","0","0.9"
"8/23/2014","0.2","0","0","36","4"
"8/24/2014","27","4","0","2","28"
"8/25/2014","27","8.5","30.3","15.1","7"
"8/26/2014","16.3","2.5","2","18","0.6"
"8/27/2014","0","0","0","0","0.5"
"8/28/2014","6.8","6","11.3","3","0.4"
"8/29/2014","27","45","10","28","27"
"8/30/2014","2","0","0","0","4.3"
"8/31/2014","0","0","0","0.7","17"
"9/1/2014","0","0","6","0","9"
"9/2/2014","2.2","10","3","2","1.3"
"9/3/2014","4","0.4","0","8","16"
"9/4/2014","0","0","0","0","0"
"9/5/2014","0","0","0","1","7.1"
"9/6/2014","5","0","0","0","11"
"9/7/2014","0","0","0","0","0"
"9/8/2014","0","0","0","0","0"
"9/9/2014","0","0","0","0","0"
"9/10/2014","0.5","0","6","19","0"
"9/11/2014","0","0","0","0","0"
"9/12/2014","0","0","0","0","0"
"9/13/2014","0","0","0","0.1","0"
"9/14/2014","14.5","0.6","0","42","0.2"
"9/15/2014","0.2","9","0.4","11","2"
"9/16/2014","0","0.3","0.2","0","0"
"9/17/2014","87","88","159","70","80"
"9/18/2014","6.3","0.2","10","46.7","127"
"9/19/2014","9","0.8","10","0.1","14"
"9/20/2014","1","4","3","18","1.2"
"9/21/2014","0","0","0","0.6","11"
"9/22/2014","0","0","0","0","0"
"9/23/2014","0","0","0","1","0"
"9/24/2014","0","0","0","0","0"
"9/25/2014","0","0","0","0","0"
"9/26/2014","0","0","0","0","0"
"9/27/2014","0","0","0","0.1","0"
"9/28/2014","0.2","0","0","7.1","0"
"9/29/2014","2.8","0","1","78","29"
"9/30/2014","0","0","0","4","0.9"
"10/1/2014","0","0.3","0","0","0"
"10/2/2014","0","0","0","0","0"
"10/3/2014","0","0","0","0","0.7"
"10/4/2014","5","2","29.4","0","0.9"
"10/5/2014","1","3","22","5","15.3"
"10/6/2014","0","0","0","0","0"
"10/7/2014","0","0","0","0","0"
"10/8/2014","0","0","0","0","0"
"10/9/2014","0","0","0","0","0"
"10/10/2014","0","0","0","0","0"
"10/11/2014","0","0","0","2","0.6"
"10/12/2014","0","0","0","0","0"
"10/13/2014","0","0","0","0","0"
"10/14/2014","0","0","0","0","0"
"10/15/2014","0","0","0","0","0"
"10/16/2014","0","0","0","0","0"
"10/17/2014","0.9","0","0","2","2"
"10/18/2014","0","0.6","0","0","0.3"
"10/19/2014","0","0","0","0.1","0"
"10/20/2014","0","0","0","0","0"
"10/21/2014","3.9","0.6","19","0","0.5"
"10/22/2014","0","0","0","0","0.7"
"10/23/2014","0.9","0","0","7.1","3.1"
"10/24/2014","0","0","0.3","1","0.3"
"10/25/2014","0.1","0","0","0.3","2"
"10/26/2014","0","0","0","0","0"
"10/27/2014","0","0","0","0","0"
"10/28/2014","5","0","0","0.2","2"
"10/29/2014","7","19.3","9","5","4"
"10/30/2014","0","4","5.5","2","0"
"10/31/2014","1","0","28","0.2","0"
"11/1/2014","4","0","0","0.7","1"
"11/2/2014","2","1","12","50.1","27"
"11/3/2014","1","0.2","2","0.4","0.9"
"11/4/2014","0.7","0","0","2.5","1"
"11/5/2014","0","0","1","0","0"
"11/6/2014","39","58","37","50","16"
"11/7/2014","32","32","65","24","26"
"11/8/2014","2","1","2","2","3"
"11/9/2014","0","0","2","0","0"
"11/10/2014","0.6","0","4","0.6","0"
"11/11/2014","4.9","9","15","15.5","0.1"
"11/12/2014","0","0","0","0.3","0.3"
"11/13/2014","0","0","0","0","0"
"11/14/2014","0","0","0","0","0.3"
"11/15/2014","0","0","0","0.1","0"
"11/16/2014","1.4","0","0.6","0.8","0.2"
"11/17/2014","1.7","0.2","0.7","0.9","0"
"11/18/2014","0","0","0","0","1.6"
"11/19/2014","0","0","0","0","0"
"11/20/2014","0","0","0","0","0"
"11/21/2014","0","0","0","0.1","0"
"11/22/2014","5.3","0","1","22","7.5"
"11/23/2014","0.3","10","2","7.1","0"
"11/24/2014","0","0","0","0","0"
"11/25/2014","0","0","0","0","0"
"11/26/2014","0","0","0","0","0"
"11/27/2014","0","0","0","0","0"
"11/28/2014","0","0","0","0","0"
"11/29/2014","0","0","0","0","0"
"11/30/2014","0","0","0","0","0"
"12/1/2014","0","0","0","0","0.2"
"12/2/2014","0","0.1","0.5","0","0"
"12/3/2014","0.2","1","8","0","0"
"12/4/2014","0","1","3","0","0.6"
"12/5/2014","0","0","0","0","0"
"12/6/2014","0.5","0","0","0","0"
"12/7/2014","0.5","0","2","0","0"
"12/8/2014","0","0","0","0","0"
"12/9/2014","0.5","0","0","0","0"
"12/10/2014","0.1","0","2.5","0","0"
"12/11/2014","0","0","0","5","0"
"12/12/2014","0.2","0","0","2","0.3"
"12/13/2014","0","0","0","0","0"
"12/14/2014","0","0","0","0","0"
"12/15/2014","0","0","0","0","0"
"12/16/2014","0","0","0","0","0"
"12/17/2014","0","0","0","0","0"
"12/18/2014","0","0","0","0","0"
"12/19/2014","0","0","0","0","0"
"12/20/2014","0","0","0","0","0"
"12/21/2014","0","0","0","0","0"
"12/22/2014","0","0","0","0","0"
"12/23/2014","0","0","0","0","0"
"12/24/2014","0","0","0","0","0"
"12/25/2014","0","0","0","0","0"
"12/26/2014","0","0","1.9","0","0"
"12/27/2014","0.2","0","4.6","2.8","0"
"12/28/2014","0","0.1","0","0.3","2"
"12/29/2014","0","0","0","0","0"
"12/30/2014","0","0","0","0","0"
"12/31/2014","0","0","0","0","0"
"1/1/2015","0","0","0","0","0"
"1/2/2015","0","0","0","0","0"
"1/3/2015","0","0","0","0","0"
"1/4/2015","0","0","0.8","0","0"
"1/5/2015","0","0","0.5","0.1","0"
"1/6/2015","0","0","0","0","0"
"1/7/2015","0.2","0.6","3","4.3","0"
"1/8/2015","0.5","0.5","0","0.1","0.2"
"1/9/2015","18","16","7","21","21.2"
"1/10/2015","36","27","34","23","29"
"1/11/2015","1","4","19","6","2"
"1/12/2015","0","0","0","0","0"
"1/13/2015","0","0","0","0","0"
"1/14/2015","0","0","0","0","0"
"1/15/2015","0","0","0","0","0"
"1/16/2015","0","0","0","0","0"
"1/17/2015","0","0","0","0","0"
"1/18/2015","0","0","0","0","0"
"1/19/2015","0","0","0","0","0"
"1/20/2015","0","0","0","0.5","0.8"
"1/21/2015","0","0","0","0","0"
"1/22/2015","0","0","0","0","0"
"1/23/2015","0","0","0","0","0"
"1/24/2015","0","0","0","0","0"
"1/25/2015","0","0","0.2","0","0"
"1/26/2015","0","0","0","0","0"
"1/27/2015","0","0","0","0","0"
"1/28/2015","0","0","0","0","0"
"1/29/2015","0","0","0","0","0"
"1/30/2015","0","0","0.9","0","0"
"1/31/2015","5","0","2.4","2.5","0"
"2/1/2015","2.3","0","0.2","0.5","0.1"
"2/2/2015","0.5","0","1","0.3","0"
"2/3/2015","0","0","1","0","0"
"2/4/2015","2","1.1","2","7","0.3"
"2/5/2015","0","0","0","0.1","0"
"2/6/2015","0","0","0","0","0.2"
"2/7/2015","0","0","0","0","0"
"2/8/2015","0","0","0","0.2","0.4"
"2/9/2015","0","0","0","0","0"
"2/10/2015","0.8","0","1","0.1","0"
"2/11/2015","0.7","0","2","1","0"
"2/12/2015","0","0","0","0","0"
"2/13/2015","0.1","0.1","1","0.1","0.3"
"2/14/2015","5","12","18","6.1","7.1"
"2/15/2015","0","0","2","0.3","0"
"2/16/2015","0","0","0","0","0"
"2/17/2015","5","11","0","0","0"
"2/18/2015","0","0","0","0","0"
"2/19/2015","0","0","0.2","1.6","0"
"2/20/2015","0","0","1.7","0","0"
"2/21/2015","0","0","0","0","0"
"2/22/2015","0","0","0","0","0"
"2/23/2015","0","0","0","0","0"
"2/24/2015","0","0","0","0","0"
"2/25/2015","0","0","0","0","0"
"2/26/2015","0","0","0","0","0"
"2/27/2015","0","0","0","0","0"
"2/28/2015","0","0","0","0","0"
"3/1/2015","0","0","0","0.5","0"
"3/2/2015","0","0","0.4","0","0"
"3/3/2015","0","0","0.7","0","0"
"3/4/2015","0","0","0","0","0"
"3/5/2015","0","0","1.5","0","0"
"3/6/2015","0","0","1","0","0"
"3/7/2015","0","0","0.8","0","0"
"3/8/2015","0","0","3.5","1","0"
"3/9/2015","0","0","2.9","0","0"
"3/10/2015","0.9","0","2.6","1.4","0"
"3/11/2015","3","0","3.8","3","0"
"3/12/2015","1","0","1","5","0"
"3/13/2015","0","0","1","0","0"
"3/14/2015","0","0.5","0.7","0.1","0"
"3/15/2015","0","0","0.3","0","0"
"3/16/2015","0","0","0","0","0"
"3/17/2015","0","0","0","0","0"
"3/18/2015","0","0","0","0","0"
"3/19/2015","0","0","0","0","0"
"3/20/2015","0","0","0","0","0"
"3/21/2015","0.1","0","0","0","0"
"3/22/2015","0.6","0","0","0.6","0"
"3/23/2015","1.3","0.5","0.4","3.8","0.2"
"3/24/2015","14","16","23","34","34"
"3/25/2015","0.4","0","0.1","6.6","0.4"
"3/26/2015","2","0","0.6","1","0.2"
"3/27/2015","0.3","0.2","2.7","1","0.1"
"3/28/2015","0","0","3.3","2","0.3"
"3/29/2015","0","0","0.7","0.6","2"
"3/30/2015","0","0","0","0","0"
"3/31/2015","0","0","0","0","0"
"4/1/2015","0","0","0","0","0"
"4/2/2015","0","0","0","0","0"
"4/3/2015","0","0","0","0","0"
"4/4/2015","0","0","0","0","0"
"4/5/2015","0","0","0","0","0"
"4/6/2015","0","0","0","0","0"
"4/7/2015","2","12","0.3","13","8"
"4/8/2015","9","2","0.1","5","2.5"
"4/9/2015","1.2","0","2","0.4","0.8"
"4/10/2015","1.6","1","2.8","5","5.2"
"4/11/2015","0.3","0.5","0.2","0","0.1"
"4/12/2015","0.3","0","0","10","7"
"4/13/2015","0","0","0","0","0"
"4/14/2015","0","0","0","0","0"
"4/15/2015","0","0","0","0","0"
"4/16/2015","0","0","0","0","0"
"4/17/2015","0","0","0.1","0","0"
"4/18/2015","0","0","0","0.7","0"
"4/19/2015","0","0","0","0","0"
"4/20/2015","0","0","0","0","0"
"4/21/2015","0","0","0","0","0"
"4/22/2015","12.3","11","11","10.2","11"
"4/23/2015","8.3","0","2.1","5.5","7"
"4/24/2015","1.2","0","0.1","0.5","1"
"4/25/2015","0.1","1","0","0","0.3"
"4/26/2015","0","0","0","0","0"
"4/27/2015","0","0","0","0","0"
"4/28/2015","7.5","0","0","0.2","1"
"4/29/2015","0","0","0","0","0"
"4/30/2015","0","8","0","6","9"
"5/1/2015","0","0","0","0","0"
"5/2/2015","0","0","0","0","0"
"5/3/2015","0","0","0","0","0"
"5/4/2015","0","0","22","0","0"
"5/5/2015","0","0","2","0","0"
"5/6/2015","0","0","0","0","0"
"5/7/2015","0","0","52","0","0"
"5/8/2015","0","0","49","0","0"
"5/9/2015","8","38.2","6.8","5","2.5"
"5/10/2015","5","9","10","11","13"
"5/11/2015","0","0","16","0","0"
"5/12/2015","0.3","0","0","30","0.7"
"5/13/2015","0.4","0","0.9","1.4","3"
"5/14/2015","0","0","0","0","0"
"5/15/2015","3","0","3","0.8","0"
"5/16/2015","21","17","49","48","32"
"5/17/2015","0","0.4","0","0.8","0.2"
"5/18/2015","0","0","0","0","0"
"5/19/2015","17","3","11","20","9"
"5/20/2015","65","22","46.4","18.8","0.1"
"5/21/2015","24.1","13.3","14","22","39"
"5/22/2015","36","40","19","4.8","3.8"
"5/23/2015","110","10","14","20","12"
"5/24/2015","2","2","10","11","18"
"5/25/2015","0","0","5","0.1","0"
"5/26/2015","0","0","0","0","0"
"5/27/2015","0","1","0","0","0"
"5/28/2015","0","0","0","0","0"
"5/29/2015","0","0","0","0","0"
"5/30/2015","10","0","6","0","0"
"5/31/2015","11","7","22.1","0.3","0"
"6/1/2015","0","2","0","0","0"
"6/2/2015","0","0","0","0","0"
"6/3/2015","1","0","1.5","1","0"
"6/4/2015","0","0","0","4","0"
"6/5/2015","114","54.3","107","53","41"
"6/6/2015","0","0","0","0.5","0.3"
"6/7/2015","0.1","0","4","3","0"
"6/8/2015","29","38","0.9","0","0"
"6/9/2015","24.2","6.2","41","118","25"
"6/10/2015","0","0","0","0","0"
"6/11/2015","36.8","28.1","0.1","23","47"
"6/12/2015","8","7","6","0","0.5"
"6/13/2015","0.2","0","0","0","1"
"6/14/2015","2","4.9","0","7","6"
"6/15/2015","12","0.8","11","37","9"
"6/16/2015","0","20","1","0.1","0"
"6/17/2015","0","3","0","0.1","0.3"
"6/18/2015","0","4","0","0","0"
"6/19/2015","10.3","20","12","21.1","1.3"
"6/20/2015","0","0","0","0","0"
"6/21/2015","5","0.4","0","0.9","0"
"6/22/2015","0.1","3.4","0","2.7","14"
"6/23/2015","47","14","0.8","0.1","0.7"
"6/24/2015","0.3","3","13","9.4","0.7"
"6/25/2015","59","41","44","4","3.9"
"6/26/2015","13","2","28","6.1","0.1"
"6/27/2015","2","0.1","0","68","13"
"6/28/2015","0","0","0","0","0"
"6/29/2015","0","0","0","0","0"
"6/30/2015","0","0","0","0","0"
"7/1/2015","0","0","0","0","0"
"7/2/2015","0","0","0","0","0"
"7/3/2015","54","20","0","0","0"
"7/4/2015","15","38","26","47","56"
"7/5/2015","1","4.6","7","19","0.2"
"7/6/2015","0","0","0.1","0","0.2"
"7/7/2015","0","0","0","0","0"
"7/8/2015","0","0","0","0","0"
"7/9/2015","0","0","0","0","0"
"7/10/2015","0","0","1","0","0"
"7/11/2015","0","0","8","0","0"
"7/12/2015","0","0","0","0","5"
"7/13/2015","0","0","0","0","0"
"7/14/2015","0","0","2","9","8"
"7/15/2015","58","0.8","0","0","0.1"
"7/16/2015","1","0","14","61","41.2"
"7/17/2015","0","0","15","0","0"
"7/18/2015","5","0","0","24","26"
"7/19/2015","0.1","16","0","0","0"
"7/20/2015","0.4","1","0.9","2","0"
"7/21/2015","0","0.1","0","0","0"
"7/22/2015","0","0","0","0","0.2"
"7/23/2015","19","10.2","12","56.5","24"
"7/24/2015","3","11","0.4","0.9","6.7"
"7/25/2015","1.9","3.5","4.6","57","12"
"7/26/2015","0.2","0","2.1","0","0"
"7/27/2015","0.1","0","10.3","0","0"
"7/28/2015","19.5","28","24","10","10"
"7/29/2015","13","18","33","71","23"
"7/30/2015","45","14","21.1","6.3","7"
"7/31/2015","22","26","27.2","15","25"
"8/1/2015","35","36","20","35","14"
"8/2/2015","26","31","10","19","21"
"8/3/2015","10","6.4","3.6","29","56"
"8/4/2015","16","1.3","11","15","43"
"8/5/2015","4","0.5","0.4","7.3","5"
"8/6/2015","2.2","16.4","0","7","41"
"8/7/2015","2","4.1","8","12","0"
"8/8/2015","0","0","0","0","0"
"8/9/2015","0","0","0","0","0.3"
"8/10/2015","0.1","0","0","0","0"
"8/11/2015","0","0","6","0","0"
"8/12/2015","0","0","0.5","26","0.2"
"8/13/2015","42","0","0","20","12"
"8/14/2015","19.2","2","7","38","17"
"8/15/2015","13","1.1","7.1","0","0"
"8/16/2015","18","1.2","0","7","0.2"
"8/17/2015","6","5","6","2.5","6.6"
"8/18/2015","35","0","19","7","0.1"
"8/19/2015","9.1","0","13","24.9","18"
"8/20/2015","0","0","8","0","0"
"8/21/2015","0","0","0","0","0"
"8/22/2015","0","0","0","0","0"
"8/23/2015","0","0","0","0","0"
"8/24/2015","1","0","0","0","0"
"8/25/2015","5","2","0","36","14.7"
"8/26/2015","43","18","0.2","47","17.5"
"8/27/2015","2","2.1","0.1","0.2","10.1"
"8/28/2015","26","2","0","12.2","0.5"
"8/29/2015","37","82","70","60.9","36"
"8/30/2015","0","0","13","0","0"
"8/31/2015","0","0","0","0","0"
"9/1/2015","0","0.3","0","0","0"
"9/2/2015","0","0","5","0","0"
"9/3/2015","6","7","1.1","14","11.5"
"9/4/2015","21","6","19.7","28","91"
"9/5/2015","2.6","0","2.5","35","28"
"9/6/2015","0","7","1","2","0"
"9/7/2015","29","36","15","37.2","14.9"
"9/8/2015","21","6","0.4","30","16.6"
"9/9/2015","2.5","7","12","57","4"
"9/10/2015","3","1","0.3","3","0"
"9/11/2015","0.7","0","0","0","0"
"9/12/2015","18","2","4","1.1","0"
"9/13/2015","0","0","0","0","0"
"9/14/2015","0","0","0","0","0"
"9/15/2015","0","0","0","0","0"
"9/16/2015","0","0","0","0","0"
"9/17/2015","0.6","2","8","1.7","0.4"
"9/18/2015","28","11","8","7","21"
"9/19/2015","0.2","0","0","7.1","0.3"
"9/20/2015","1.6","1.1","0.5","3.3","1.3"
"9/21/2015","2","15","3","11.5","2"
"9/22/2015","0.9","0.2","0.3","70","4"
"9/23/2015","1.6","0.8","1","2.9","0"
"9/24/2015","14.2","0.6","1","46","0"
"9/25/2015","7","0","0.7","0","0"
"9/26/2015","5.5","19","3.9","17","0.6"
"9/27/2015","10","0.2","0.1","39","3"
"9/28/2015","1.3","0","0","13","1"
"9/29/2015","0","0","0","0","0"
"9/30/2015","0","0","0","8","0"
"10/1/2015","7","0.2","0","0.6","7"
"10/2/2015","0","0","0","2","3"
"10/3/2015","0.6","0","0","35","0"
"10/4/2015","0","0","0","0.2","0"
"10/5/2015","0","0","0.1","0","0"
"10/6/2015","0","0","0","0","0"
"10/7/2015","0","0","0","0","0"
"10/8/2015","2","0.7","0","5","0.8"
"10/9/2015","16","13","6","27.7","28"
"10/10/2015","8","23","11","6","9"
"10/11/2015","0","0","0","0","0"
"10/12/2015","0","0","0.1","0","0.1"
"10/13/2015","1.9","0","0","0","0"
"10/14/2015","0.2","0","0","0","0"
"10/15/2015","0","0","0","0","0"
"10/16/2015","0","0","0","0","0"
"10/17/2015","0","0","0","0","0"
"10/18/2015","6","0","0","0","0"
"10/19/2015","3.5","0","0","0.2","0"
"10/20/2015","1.1","0","0","0.2","2"
"10/21/2015","0.2","0","0","0","0"
"10/22/2015","0","0","0","0","0"
"10/23/2015","0","0","0","0","0"
"10/24/2015","0","0","0","0","0"
"10/25/2015","0","0","0","0","0"
"10/26/2015","0","0","0","0","0"
"10/27/2015","0","0","0","0","0"
"10/28/2015","0","0","0","0","0"
"10/29/2015","0","0","0","0","0"
"10/30/2015","0.1","4","2","7","11"
"10/31/2015","38","14","3","50","24"
"11/1/2015","6","8","5.4","29","31"
"11/2/2015","0","0","0","0","0"
"11/3/2015","0.4","0","0","0.3","0.4"
"11/4/2015","0.9","0","0","1.6","1.6"
"11/5/2015","1","0","0","3","4"
"11/6/2015","0","0","0.6","0.6","0"
"11/7/2015","0.3","0","12","0.1","0"
"11/8/2015","0","0","6","0","0"
"11/9/2015","0","0","4","0","0"
"11/10/2015","1","27","15","3","0"
"11/11/2015","58","11.4","10.6","90","39"
"11/12/2015","45","20.5","18.9","20","22"
"11/13/2015","4","35","27","16","2"
"11/14/2015","0","0","0.3","0","0"
"11/15/2015","0","0","0.6","0","0"
"11/16/2015","0","4","6","0","0"
"11/17/2015","0","0","0","0","0"
"11/18/2015","0","0","0","0","0"
"11/19/2015","0","0","0","0.1","0"
"11/20/2015","1","24","75","0.1","0.3"
"11/21/2015","0","0","0","0","0"
"11/22/2015","0","0","0","0.2","0"
"11/23/2015","5","0","0.3","2","0.4"
"11/24/2015","1","0.1","0.4","0","0"
"11/25/2015","2","13","2.2","21","3"
"11/26/2015","0","0","0.1","0.5","2"
"11/27/2015","0.2","0","0","0","0"
"11/28/2015","0.8","0","0","0.2","0.1"
"11/29/2015","0","1.3","2","0","0"
"11/30/2015","0","0","0","0","0"
"12/1/2015","0","0","2.2","0.1","0"
"12/2/2015","0","0","0","0","0"
"12/3/2015","0","0","0.1","0","0"
"12/4/2015","18","14.2","27.2","21","13"
"12/5/2015","22","23","31","21","26"
"12/6/2015","0","0","0","0","0.8"
"12/7/2015","0","0","0","0","0"
"12/8/2015","3.1","1","0.3","2","1"
"12/9/2015","7","1","2.5","0.9","3"
"12/10/2015","0","0","0.2","0","0"
"12/11/2015","0.3","0","0.4","0","0"
"12/12/2015","0","0","1.1","0","0"
"12/13/2015","0","0","0","0","0"
"12/14/2015","0","0","0","0","0"
"12/15/2015","0","0","0.7","3.9","0"
"12/16/2015","0","0","0","0","2.1"
"12/17/2015","0","0","0","0","0"
"12/18/2015","0","0","0","0","0"
"12/19/2015","0.1","0","0","0","0"
"12/20/2015","0","0","0","0","0"
"12/21/2015","0","0","0","0","0"
"12/22/2015","0","0","0","0","0"
"12/23/2015","0","0","0","0","0"
"12/24/2015","0","0","0","0","0"
"12/25/2015","0","5","16","0","0.7"
"12/26/2015","4","5","16","2","2"
"12/27/2015","0","0","0.2","0","0"
"12/28/2015","3.1","2","2","3","2"
"12/29/2015","5","7","11","4","2"
"12/30/2015","5.7","9","2","7","5.9"
"12/31/2015","0","0","0","0","0.1"
"1/1/2016","0","0","0","0","0"
"1/2/2016","0.2","0","0","0","0"
"1/3/2016","0","0","0","0","0"
"1/4/2016","0","0","0","0","0"
"1/5/2016","0.2","11","0","6","5"
"1/6/2016","0","0","0","0","0"
"1/7/2016","0","0","0","0","0"
"1/8/2016","0","0.2","2","0.3","0"
"1/9/2016","0.6","0.5","5","0.5","0"
"1/10/2016","0","1","35","10.2","0.4"
"1/11/2016","0","0","0.3","0","0"
"1/12/2016","0","0","0","0","0"
"1/13/2016","0","0","0.2","0.3","0"
"1/14/2016","0.1","3.2","5","2","1"
"1/15/2016","0.2","0","11","0.4","0"
"1/16/2016","0","0","0.6","0","0"
"1/17/2016","0","0","0","0","0"
"1/18/2016","0","0","0","0","0"
"1/19/2016","0","0","0","0","0"
"1/20/2016","0.5","0","0.2","0","0"
"1/21/2016","0","0","0.4","0","0"
"1/22/2016","0","0","0.4","0","0.1"
"1/23/2016","12.6","13","2","17.3","12"
"1/24/2016","0","1.2","2","0.6","2.4"
"1/25/2016","0.3","0","0.1","1.1","2.5"
"1/26/2016","12","10","10","13","14"
"1/27/2016","0","0.6","3","0.6","1"
"1/28/2016","0","0","0.2","0","0"
"1/29/2016","0","0","0","0","0"
"1/30/2016","1","1.1","0.7","0.8","0.8"
"1/31/2016","4.5","7","8","8","2"
"2/1/2016","0.3","0","0.7","0.8","5"
"2/2/2016","0","0","0","0","0"
"2/3/2016","0","0","0","0","0"
"2/4/2016","0","0","0.9","0","0"
"2/5/2016","0","0","0","0","0"
"2/6/2016","0","0","0","0","0"
"2/7/2016","0","0","0","0","0"
"2/8/2016","0","0","0","0","0"
"2/9/2016","0","0","0","0","0"
"2/10/2016","0","0","0","0","0"
"2/11/2016","0","0","0","0","0"
"2/12/2016","0","0","0","0","0"
"2/13/2016","0","0","0","0","0"
"2/14/2016","0","0","0","0","0"
"2/15/2016","0","0","0","0","0.9"
"2/16/2016","0","0","0","0","0"
"2/17/2016","0.1","0","0","0","0"
"2/18/2016","0.2","0","0","0","0"
"2/19/2016","0","0","0","0","0"
"2/20/2016","0","0","0","0","0"
"2/21/2016","0","0","0","0","0"
"2/22/2016","0","0","0","0","0"
"2/23/2016","0.8","0","0.1","0.1","0"
"2/24/2016","1","1","0","0.5","2.1"
"2/25/2016","6","0","0.9","0","0.4"
"2/26/2016","6","4","4.8","3","5"
"2/27/2016","0","0","0","0","0"
"2/28/2016","0.2","0.1","1","0.6","1"
"2/29/2016","0","0","0","0","0"
"3/1/2016","0","0","0","0","0"
"3/2/2016","0","0","0","0","0"
"3/3/2016","0","0","0.1","0","0"
"3/4/2016","0","0","0.6","0.1","0"
"3/5/2016","0.3","0","1.2","0","0"
"3/6/2016","0","0","0","0","0"
"3/7/2016","0","0","0.1","1.3","0"
"3/8/2016","0","0","0.2","0.5","0"
"3/9/2016","0","0","0","0","0"
"3/10/2016","0","0","0.2","0","0"
"3/11/2016","0","0","0","0","0"
"3/12/2016","0.2","0","0","0","0"
"3/13/2016","0","0","0","0","0"
"3/14/2016","0","0","0","0","0"
"3/15/2016","0","0","0","0","0"
"3/16/2016","0","0","0.1","0","0"
"3/17/2016","0","0","0.3","0","0"
"3/18/2016","0","0","0","0","0"
"3/19/2016","0","0","0","0","0"
"3/20/2016","0","0","0","0","0"
"3/21/2016","0","0","0","0","0"
"3/22/2016","0","0","0.2","0","0.1"
"3/23/2016","10","0.5","4","0.2","0"
"3/24/2016","25","33","20","29","37"
"3/25/2016","0.5","0.3","0.9","0","0"
"3/26/2016","0","0","0","0","0"
"3/27/2016","0.2","0","0.1","0.2","0.1"
"3/28/2016","0","0","0","0.1","0"
"3/29/2016","0","0","2","0.2","0"
"3/30/2016","0.1","0","1.4","1","0"
"3/31/2016","0","0","0.8","0.3","0"
"4/1/2016","0","0","0.3","1.6","0"
"4/2/2016","0","0","0.9","0.2","0"
"4/3/2016","19.6","34","7","5","14"
"4/4/2016","0","0","0","0","0"
"4/5/2016","0","0","0.2","0","0"
"4/6/2016","0","0","0.2","0","0.9"
"4/7/2016","0.5","0","0.2","0.6","0.3"
"4/8/2016","0","0","0","0","0"
"4/9/2016","0","0","0.3","0.8","3"
"4/10/2016","0","0","0.5","0","0"
"4/11/2016","1","0","19","40","0"
"4/12/2016","0","0","0","0","0"
"4/13/2016","0","0","0","0","0"
"4/14/2016","0","0","0","0","0"
"4/15/2016","0","0","0","0","0"
"4/16/2016","0","0","0","0","0"
"4/17/2016","27","0","7","0","0"
"4/18/2016","0","6","4","0","0"
"4/19/2016","2","3","0.7","7","11"
"4/20/2016","16","16","15.4","14","21.5"
"4/21/2016","0.3","0","3","1","0.7"
"4/22/2016","17.6","17","20","43","34"
"4/23/2016","0.1","2","0","0","0"
"4/24/2016","5.1","0","20.6","0","0"
"4/25/2016","0","0","3","5","11"
"4/26/2016","0","0","0","0","0"
"4/27/2016","0","0","0.1","8.3","7"
"4/28/2016","11","0","0","0.7","0"
"4/29/2016","10.2","20","0.1","0.6","0.3"
"4/30/2016","0.4","2","0.8","0","0"
"5/1/2016","0","0","0","0","0"
"5/2/2016","0","0","0","0.3","6"
"5/3/2016","0","0","0","0","0"
"5/4/2016","18","3","0.2","7","10"
"5/5/2016","0","0","0","0","0"
"5/6/2016","0","0","0","0","0"
"5/7/2016","0","0","0","0","0"
"5/8/2016","0","0","0","0","0"
"5/9/2016","0","0","0","0","0"
"5/10/2016","0.5","1","23","0","7"
"5/11/2016","0","0","0","0","0.2"
"5/12/2016","0","0","0","0","0"
"5/13/2016","0.2","0","23","0","0.7"
"5/14/2016","0","0","2.9","0","0"
"5/15/2016","2","0","1","1","11"
"5/16/2016","0","0","0","0","0"
"5/17/2016","0","0","0","0","0"
"5/18/2016","0","0","0","0","0"
"5/19/2016","0","0","0","0","0"
"5/20/2016","0","0.4","1.4","0","5"
"5/21/2016","0","0","0","0","10"
"5/22/2016","0.2","0","0","10","2.5"
"5/23/2016","21","3.7","1.2","22","23"
"5/24/2016","32","19","13","79","40.5"
"5/25/2016","14.5","23","7","21.7","18.8"
"5/26/2016","33","20","15","54","114"
"5/27/2016","19","18","0.1","60","92.4"
"5/28/2016","0","0","14","0","0"
"5/29/2016","25","58","0","0.1","19"
"5/30/2016","21","3.8","5","30","28"
"5/31/2016","5","0","0.1","30","14"
"6/1/2016","0.9","8","8","4","2"
"6/2/2016","0","0","0","0","0"
"6/3/2016","2","0","0","0","0"
"6/4/2016","16","0","3","0.1","0.2"
"6/5/2016","13","2","9","3","2"
"6/6/2016","0.2","0","0","0","0"
"6/7/2016","1","0.3","0","22","0.1"
"6/8/2016","0","0","14","19","45.2"
"6/9/2016","0.1","0","32","0","0.9"
"6/10/2016","23","20","1","1","1"
"6/11/2016","21.1","0.1","101","7.1","0.3"
"6/12/2016","51","6","55","60","28.9"
"6/13/2016","12.2","3","22","0.7","0"
"6/14/2016","2","0","0","18","0"
"6/15/2016","1","0","0","0","0"
"6/16/2016","16","20.1","0.2","10","10"
"6/17/2016","0","0","0.1","0","0.1"
"6/18/2016","0","0","0","0","0"
"6/19/2016","39","0","12","0","0.2"
"6/20/2016","2","7","12","0.8","7"
"6/21/2016","13","33.4","3","25.9","20.8"
"6/22/2016","8","0","0","17","13.3"
"6/23/2016","0.4","0","0","6","13"
"6/24/2016","0","0","0","0","0"
"6/25/2016","0","0","0.5","0","5"
"6/26/2016","4","0","0","0","3"
"6/27/2016","0","2","0","1","8"
"6/28/2016","0","0","0","0","0.1"
"6/29/2016","0","0","0","0","0"
"6/30/2016","1.4","10","2","9","13"
"7/1/2016","4","3","24","17","61.1"
"7/2/2016","8","0.3","2.2","7","0.9"
"7/3/2016","0.7","0.1","29","4","18"
"7/4/2016","0.8","1","3","1","0.8"
"7/5/2016","0.5","0","112","8","2"
"7/6/2016","23","5","1.8","16","25"
"7/7/2016","1.7","0.4","2","7.5","18"
"7/8/2016","0","0","0.1","0.7","0"
"7/9/2016","2","0","0","0","0"
"7/10/2016","7","0","0","0","0"
"7/11/2016","0.3","0","0","0","0"
"7/12/2016","12","15","0","41","0.9"
"7/13/2016","2","1.1","3","0","0"
"7/14/2016","28","13","3.1","8","47"
"7/15/2016","9","11","1.7","3.3","8"
"7/16/2016","0","0","0","0","4"
"7/17/2016","0","0","0","0","0.2"
"7/18/2016","15","3","0.1","11","3"
"7/19/2016","11","0","0","1","9"
"7/20/2016","39","32","0.2","31","7"
"7/21/2016","4","27","16","12","19.2"
"7/22/2016","1","0.9","0","1.2","10"
"7/23/2016","0","0","0","0.5","0"
"7/24/2016","0","0","0","0","0"
"7/25/2016","0","0","0","0","0"
"7/26/2016","0","0","0","0","0"
"7/27/2016","6","0","0","14","0"
"7/28/2016","22","13","34","30","31"
"7/29/2016","36","11","0.1","60","135"
"7/30/2016","9.5","0","0","23","22.1"
"7/31/2016","0","0","0","0","0"
"8/1/2016","0","0","0","0","0"
"8/2/2016","0","0","0","0","2"
"8/3/2016","3","28","80","9","21"
"8/4/2016","55","15","1.2","168","76"
"8/5/2016","0.1","4","5","16.9","7"
"8/6/2016","0","0","0","0.4","0"
"8/7/2016","5","0","0","2","0"
"8/8/2016","6","8","0","0.6","3"
"8/9/2016","10","18","50","10","11.2"
"8/10/2016","32","56.6","69","2.1","14"
"8/11/2016","31.2","9","7","2","27.4"
"8/12/2016","17","21","56","0","0.6"
"8/13/2016","18","25","106","3.4","2"
"8/14/2016","23.1","2.7","94","3","15"
"8/15/2016","11","8","2","13.5","5"
"8/16/2016","33","7","7.4","12","8"
"8/17/2016","0.1","0","0","0","0"
"8/18/2016","0","0","11","0","0"
"8/19/2016","40","16","27","8","18"
"8/20/2016","7","2","7.3","0.7","4.2"
"8/21/2016","4","1","0","2","0"
"8/22/2016","3.1","27","48","6","0.9"
"8/23/2016","0.7","0","0.2","0.6","1"
"8/24/2016","0","0","0","0","0"
"8/25/2016","0","0","0","0","0"
"8/26/2016","19","0","3","0.8","0"
"8/27/2016","0.7","1","0.8","2","6"
"8/28/2016","0.1","0","2","0.3","4.6"
"8/29/2016","0","0","0","0","13"
"8/30/2016","0.1","0","0","0","0"
"8/31/2016","0","0","0","0","0"
"9/1/2016","0","0","1","37","10"
"9/2/2016","0","0","0","0","0.3"
"9/3/2016","0","0","0","0","0"
"9/4/2016","0","0","0","0","0"
"9/5/2016","0","0","0","4","16"
"9/6/2016","0","11","5","1","0"
"9/7/2016","8","27","15","44","43"
"9/8/2016","35","15","28","0.4","0"
"9/9/2016","3.8","66","155","12","4"
"9/10/2016","49","17.8","25","8","9"
"9/11/2016","0","0","0.6","0","0"
"9/12/2016","0","0","3","0","0"
"9/13/2016","0","0","0","0","0"
"9/14/2016","0","0","0","5","8"
"9/15/2016","9","0","0","6","0"
"9/16/2016","0","0","0","0","0"
"9/17/2016","0","0","0.1","0.5","11"
"9/18/2016","0","0","0","5","0.8"
"9/19/2016","0","0","0","0","0.1"
"9/20/2016","0","0","0","0","0.2"
"9/21/2016","0","0","0","0","0"
"9/22/2016","0","0","0","0","0"
"9/23/2016","0","0","0","0","0"
"9/24/2016","0","0","12","0","0"
"9/25/2016","5.4","0","0","20","2"
"9/26/2016","0","0","0","0","0.5"
"9/27/2016","0","0","0","0","0"
"9/28/2016","0","0.3","0","0","0"
"9/29/2016","0","0","0","0","0"
"9/30/2016","0","0","0","0","0"
"10/1/2016","0","0","0","0.5","0"
"10/2/2016","0","0","0","0","0"
"10/3/2016","0","0","0","0","0"
"10/4/2016","0","0","0","0","0"
"10/5/2016","0","0","2","13","0"
"10/6/2016","0","0","0","2","1"
"10/7/2016","0","0","0","0","0"
"10/8/2016","0","0","0","0","0"
"10/9/2016","0","0","0","0","0.2"
"10/10/2016","0","0","0","1","0"
"10/11/2016","0.6","0","0","0.1","0.1"
"10/12/2016","0.1","0","0","0","0"
"10/13/2016","0","0","0","0","0"
"10/14/2016","0","0","0","0","0"
"10/15/2016","0","0","0","0","0"
"10/16/2016","0","0","0","0","0"
"10/17/2016","0","0","0","0","0"
"10/18/2016","0","0","0","0","0"
"10/19/2016","3","2","44","0","0"
"10/20/2016","0","0.7","8","0","0"
"10/21/2016","0","0","0","0","0"
"10/22/2016","5","5","0","1.1","0"
"10/23/2016","0","0","0","0","0"
"10/24/2016","0.4","0.5","0","0.1","0"
"10/25/2016","3","10","12","46.4","13.3"
"10/26/2016","8","0","15.2","25","11.2"
"10/27/2016","3","0","0","26","0"
"10/28/2016","0","0","0","0","0"
"10/29/2016","4","2","0","0.5","23"
"10/30/2016","0.1","0","0","0","31"
"10/31/2016","0.3","0.8","0.5","0.3","0.2"
"11/1/2016","1.7","1","0","11","18"
"11/2/2016","2","0.2","0","3","4"
"11/3/2016","0","0","0","0","0.4"
"11/4/2016","0","0","0","0.1","0"
"11/5/2016","0","0","0","0","0"
"11/6/2016","0","0","0","0","0"
"11/7/2016","0","0","0.1","0.7","0"
"11/8/2016","48","20","37","97","51"
"11/9/2016","1.8","5","5","1.6","10"
"11/10/2016","4.1","6","7","8","13"
"11/11/2016","0","0","0","0","0"
"11/12/2016","0","0","0.1","0","0"
"11/13/2016","0","0","2.5","0","0"
"11/14/2016","0","0","3","0","0"
"11/15/2016","0","11","0.5","0","0"
"11/16/2016","0","0","0","0.1","0"
"11/17/2016","0","0","0","0","0"
"11/18/2016","0","0","0","0.1","0"
"11/19/2016","0","0","0","0","0"
"11/20/2016","0","0","0","0","0"
"11/21/2016","0","0","0","0","0"
"11/22/2016","0","0","0","0","0"
"11/23/2016","0","3","11","0","0"
"11/24/2016","0","0","0","2.6","12.2"
"11/25/2016","0.6","0","0","0.9","0"
"11/26/2016","4","1","0.1","4.1","0"
"11/27/2016","0","0","0","0","0"
"11/28/2016","0","0","0","0","0"
"11/29/2016","0","0","0","0","0"
"11/30/2016","0.4","0","0","0","0.1"
"12/1/2016","0","0","0","0","0"
"12/2/2016","0","0","0","0","0"
"12/3/2016","0","0","0","0","0"
"12/4/2016","0","0","0","0","0"
"12/5/2016","0","0","0","0","0"
"12/6/2016","0","0","0","0","0"
"12/7/2016","0","0","0","0","0"
"12/8/2016","0","0","0","0","0"
"12/9/2016","0","0","0","0","0"
"12/10/2016","0","0","0","0","0"
"12/11/2016","0","0","0","0","0"
"12/12/2016","0","0","0","0","0"
"12/13/2016","0","0","26","0","0"
"12/14/2016","5.3","4.8","5.1","31","8"
"12/15/2016","0.7","1","0.6","1","0.9"
"12/16/2016","0","0","0","0","0.4"
"12/17/2016","0","0","0","0","0"
"12/18/2016","0","0","0","0","0"
"12/19/2016","0.1","0","0.2","0","0"
"12/20/2016","0","0","0.2","0.2","0"
"12/21/2016","0","7","0.7","0.1","0"
"12/22/2016","0","6","2","1","0.4"
"12/23/2016","0","0","0","0","0"
"12/24/2016","0.2","0","0","0","0"
"12/25/2016","0","0","0","1","0"
"12/26/2016","0","0","0","0","0"
"12/27/2016","0","0","0","0.9","12"
"12/28/2016","0","0","0","0","0"
"12/29/2016","0","0","0","0","0"
"12/30/2016","0","0","0","0","0"
"12/31/2016","0","0","0","0","0"
"1/1/2017","0","5","9","1","1"
"1/2/2017","4.6","0.8","1.3","2.2","4.2"
"1/3/2017","1.7","0.1","0","1","1.5"
"1/4/2017","5","0","0","0.1","2.1"
"1/5/2017","0.2","0.2","1","1.4","0.9"
"1/6/2017","5","1.4","0.9","2.6","5"
"1/7/2017","0","0","0","0","0"
"1/8/2017","0","0","0","0","0"
"1/9/2017","0","0","0","0","0"
"1/10/2017","0.5","8","9.1","3","3"
"1/11/2017","44","57","88","55","34"
"1/12/2017","19","45","44","26","24"
"1/13/2017","0.6","0.1","0.2","0.2","2.1"
"1/14/2017","0.2","0","0.1","0","0"
"1/15/2017","0","0","0.5","0","0"
"1/16/2017","0.3","0","0.6","0","0"
"1/17/2017","0","0","1.2","0.5","0"
"1/18/2017","0","0","0.5","0","0"
"1/19/2017","0","0","0.1","0","0"
"1/20/2017","0","0","0","8","0.4"
"1/21/2017","0","0","0.2","1.1","0"
"1/22/2017","0","0","0","0","0"
"1/23/2017","0.6","0","0","0","0"
"1/24/2017","0","0","0","0","0"
"1/25/2017","0","0","0","0","0"
"1/26/2017","0","0","0","0","0"
"1/27/2017","0","0","0","0.1","0"
"1/28/2017","0","0","0","0","0"
"1/29/2017","0","0","0","0","0"
"1/30/2017","0","0","0","0","0"
"1/31/2017","0.2","0","0","0","0"
"2/1/2017","0","0","0.1","0","0"
"2/2/2017","0","0","0.5","0.9","0"
"2/3/2017","4","0","0","2","4"
"2/4/2017","6","15","4","7","6"
"2/5/2017","0","0","0","0","0"
"2/6/2017","0","0","0","0","0"
"2/7/2017","0","0","0","0","0"
"2/8/2017","0","0.5","0.5","0.7","0"
"2/9/2017","0","0","0","0","1.1"
"2/10/2017","0","0","0","0.1","0"
"2/11/2017","0","0","0","0.1","0.1"
"2/12/2017","0","0","0","0","0"
"2/13/2017","0","0","26","0","0"
"2/14/2017","5.3","4.8","5.1","31","8"
"2/15/2017","0.7","1","0.6","1","0.9"
"2/16/2017","0","0","0","0","0.4"
"2/17/2017","0","0","0","0","0"
"2/18/2017","0","0","0","0","0"
"2/19/2017","0.1","0","0.2","0","0"
"2/20/2017","0","0","0.5","0.2","0"
"2/21/2017","0","7","0.8","0.1","0"
"2/22/2017","0","0","0","1","0.4"
"2/23/2017","0","0","0","0","0"
"2/24/2017","0.2","0","0","0","0"
"2/25/2017","0","0","0","1","0"
"2/26/2017","0","0","0","0","0"
"2/27/2017","0","0","0","0","0"
"2/28/2017","0.1","0","0","0","0"
"3/1/2017","0","0","0","0","0"
"3/2/2017","0","0","0","0.6","0.3"
"3/3/2017","0","0","0","0","0"
"3/4/2017","0","0","0","0","0"
"3/5/2017","0","0","0","0","0"
"3/6/2017","0","0","4","4","0"
"3/7/2017","0.7","0","0","4","0"
"3/8/2017","1","0","0.6","0.9","0"
"3/9/2017","8","6","16","7","7"
"3/10/2017","0.1","0","1","0","0"
"3/11/2017","0","0","0.2","0","0"
"3/12/2017","0","0","1.2","0","0"
"3/13/2017","0","0","4","0","0"
"3/14/2017","0","0","0","0","0"
"3/15/2017","0","0","0.5","0","0"
"3/16/2017","0.1","0","4","0.1","0"
"3/17/2017","2.1","0","3","4","0"
"3/18/2017","26","14","32","41","22"
"3/19/2017","0.3","45","39.7","18","3.4"
"3/20/2017","0","0","1.5","0","0"
"3/21/2017","5.7","21","1.3","22","6.3"
"3/22/2017","16","9","17","38","28"
"3/23/2017","0","0","0","0","0"
"3/24/2017","0","0","0","0","0"
"3/25/2017","0.9","2.2","7","13","3"
"3/26/2017","0","0.1","0","2","10"
"3/27/2017","0","0","0","0","0.3"
"3/28/2017","6","3","8.4","6","6"
"3/29/2017","0","0","1.1","0.1","0"
"3/30/2017","0","0","0.2","3","0.6"
"3/31/2017","19.2","44","48","9.4","11"
"4/1/2017","0","0","0","0","0"
"4/2/2017","0","0","0","0","0.1"
"4/3/2017","0","0","0","0","0"
"4/4/2017","0","0","1.2","0.3","0"
"4/5/2017","0","0","0.7","0.3","0"
"4/6/2017","0","0","0","0.8","0"
"4/7/2017","0","0","0","0","0"
"4/8/2017","0","0.5","9.1","0.6","0"
"4/9/2017","0","0","0","0","0"
"4/10/2017","0","0","0","0","0"
"4/11/2017","0","0","0","0","0"
"4/12/2017","5","6","0.7","4.8","13"
"4/13/2017","0","0","0","0","0"
"4/14/2017","0","0","0","0","0"
"4/15/2017","0","0","0","0","0"
"4/16/2017","0","0","0","0.6","0"
"4/17/2017","26","26","26","13","37.1"
"4/18/2017","13.5","6","15","25","26"
"4/19/2017","10","0","0.1","0","0"
"4/20/2017","0","0","0","0","0"
"4/21/2017","10","2","1","10","0"
"4/22/2017","3","1","4","3","5"
"4/23/2017","1","0","2","0.6","2"
"4/24/2017","0.6","0","0","0.4","0.1"
"4/25/2017","0.1","0","2.7","1.1","0"
"4/26/2017","0","0","0.4","0.5","0.4"
"4/27/2017","1","6","3","49","18"
"4/28/2017","0","0","0","0","0.1"
"4/29/2017","0","0","0","0","0"
"4/30/2017","0","0","0","0","0"
"5/1/2017","0","0","0.4","0","0"
"5/2/2017","0","0","0","0","0"
"5/3/2017","0","0","0","0","0"
"5/4/2017","0","0","8","0","0"
"5/5/2017","0","0","0","0","0"
"5/6/2017","0","0","2","2.1","1.3"
"5/7/2017","0","0","12","0","0"
"5/8/2017","14","0","2","0","0"
"5/9/2017","0","0","0","17","1"
"5/10/2017","0","0","2","2","0"
"5/11/2017","0.5","3","0","8","7"
"5/12/2017","3","0.3","74","5","18"
"5/13/2017","0","0","0","0","0"
"5/14/2017","0","0","0","2","0"
"5/15/2017","5","42","27","3","0.3"
"5/16/2017","0","0","0","0","0"
"5/17/2017","1.1","2","0.4","0.7","6"
"5/18/2017","23","5","6","9","13"
"5/19/2017","7","4","6.3","9","4"
"5/20/2017","4","8","23","5","0.6"
"5/21/2017","0.1","0","0","1.1","0"
"5/22/2017","0","0","0.5","7.2","0.2"
"5/23/2017","7","0","64","0.1","0"
"5/24/2017","0.1","0.6","3","70.3","43"
"5/25/2017","0.3","0","0","0","0"
"5/26/2017","0","0","0","0","0"
"5/27/2017","0","0","0","0","0"
"5/28/2017","0","0","0","0","0"
"5/29/2017","0","0","0","0","0"
"5/30/2017","0","0","0","0","0"
"5/31/2017","0","0","0","0","0"
"6/1/2017","0","0","0","0","0"
"6/2/2017","0","0","0","0","0"
"6/3/2017","0","0","0","0","0"
"6/4/2017","0","0","0","0","0"
"6/5/2017","0","0","0","0","0"
"6/6/2017","14","42","65","30.2","33.6"
"6/7/2017","5","15","22","10","7"
"6/8/2017","0","0.3","10","0","0"
"6/9/2017","9","46","4.3","5","31"
"6/10/2017","5","0.1","0.5","34.9","36"
"6/11/2017","13.1","0","0","1.8","6.5"
"6/12/2017","1.2","0","1","2","0"
"6/13/2017","0.3","0","3.7","15","8"
"6/14/2017","42","6","0","92","8"
"6/15/2017","29","58","10","35","3.2"
"6/16/2017","8.5","5.1","50","60.1","3"
"6/17/2017","0.4","0","0","11","71"
"6/18/2017","1.1","0","0","1","0.1"
"6/19/2017","3.1","0","5","27","12"
"6/20/2017","37","25","8","33","24"
"6/21/2017","2.5","0","0","0.2","3.1"
"6/22/2017","30","28","28.5","10","0"
"6/23/2017","16","0","2.3","20","22"
"6/24/2017","0.5","9","0","12","0.1"
"6/25/2017","29","10","0.2","11","22"
"6/26/2017","47","97","93","25.7","39.2"
"6/27/2017","18","19","1.4","43","12"
"6/28/2017","5","37","2.7","17","27"
"6/29/2017","16","0.9","15","41.7","69"
"6/30/2017","8.5","0","2.4","0.7","1.3"
"7/1/2017","4","0","2.1","3.2","9.3"
"7/2/2017","51","3.5","2","8","4"
"7/3/2017","25","5","31.2","28","32"
"7/4/2017","5","6","14","2.1","42"
"7/5/2017","12","8","3.1","16","20.9"
"7/6/2017","5.5","20","1","10.3","7.7"
"7/7/2017","25","0.5","5","30","88"
"7/8/2017","47","42","3","60","23"
"7/9/2017","70","20","5","27","43"
"7/10/2017","7","18","50","2","2"
"7/11/2017","37","38","48","82","32"
"7/12/2017","13","5","25","22","40"
"7/13/2017","0.7","7","7","5.2","10"
"7/14/2017","10","0.7","0","5","4.3"
"7/15/2017","3.8","5.4","3.9","0.2","4.7"
"7/16/2017","6","16","12","6","22"
"7/17/2017","16","3.6","4.2","7.9","8.8"
"7/18/2017","16.5","3","5.5","3","23.2"
"7/19/2017","11","0.3","3","8","1"
"7/20/2017","15","3.3","23","57","126"
"7/21/2017","9","19","12","9.9","29"
"7/22/2017","1","0.1","0","23","14"
"7/23/2017","0.1","0","0","1","0.5"
"7/24/2017","0","10","7","0","1"
"7/25/2017","0","0.2","8.2","36","9.9"
"7/26/2017","0","0","1","0","0.7"
"7/27/2017","0","0","0","7","8"
"7/28/2017","4","1","0.2","0","0"
"7/29/2017","0","0","0","0","0"
"7/30/2017","0","0","0","0","0"
"7/31/2017","0","0","0.9","2.1","0.3"
"8/1/2017","15","1","0.2","0","6"
"8/2/2017","2.4","5.1","0.6","18.2","4"
"8/3/2017","6","0.3","0.1","2.2","12"
"8/4/2017","6","16","142","27","5.7"
"8/5/2017","44","32","12","14","24"
"8/6/2017","5","18","10","6.4","3.7"
"8/7/2017","0","6","10","33","2"
"8/8/2017","0.3","0.3","0","31","0.1"
"8/9/2017","0.3","0.5","7","8.1","0"
"8/10/2017","16","0","42","9.6","17"
"8/11/2017","6","0","16","0.8","0.2"
"8/12/2017","3.3","6","1.3","9","6"
"8/13/2017","1","0","0.5","3","0.1"
"8/14/2017","11","16","35","15","8"
"8/15/2017","5","22","18","33","48"
"8/16/2017","5","3","43.2","15","39"
"8/17/2017","27","1.4","17","102","72"
"8/18/2017","6.2","0","0","0.1","2.1"
"8/19/2017","0","0","0","10","0"
"8/20/2017","0","0","0","0","0"
"8/21/2017","0","0","0","0","0"
"8/22/2017","0","0","0","0","0"
"8/23/2017","2","2","27","48","13"
"8/24/2017","108","43","71","113","84"
"8/25/2017","32","6.6","2","21","49"
"8/26/2017","10","0","0.5","0.6","23"
"8/27/2017","4","0","1.5","0","0.5"
"8/28/2017","3","0","7","0","14"
"8/29/2017","9","5","32","31","48"
"8/30/2017","9","8.3","18","14","6"
"8/31/2017","0.2","0","0","4.9","6"
"9/1/2017","0","0","2","7","0"
"9/2/2017","0.2","0","0","0","0"
"9/3/2017","22","20","0","11.1","6"
"9/4/2017","11","13.5","10","79","2"
"9/5/2017","8","0.5","0.5","22.2","0.4"
"9/6/2017","24","5","2","7","2.2"
"9/7/2017","1.1","5","17","9","11"
"9/8/2017","16","13","0","63","38.3"
"9/9/2017","44","20","3","15","3.3"
"9/10/2017","28","2","0.6","18","0.4"
"9/11/2017","1","6","26","51","15"
"9/12/2017","0","0","0","0.8","0.3"
"9/13/2017","0.5","0","0","38","1.4"
"9/14/2017","0","0","0","0","0.7"
"9/15/2017","0","0","0","0","0"
"9/16/2017","10","4","15","3.6","12"
"9/17/2017","0","0","0","0","0.2"
"9/18/2017","0","0","0","0","0"
"9/19/2017","0","0","0","0","0"
"9/20/2017","27","0","26","12","0"
"9/21/2017","0","0","0.1","0","62"
"9/22/2017","40","2.4","14","8","3"
"9/23/2017","0","0","8","0.2","0"
"9/24/2017","0","0","0","0","0"
"9/25/2017","0.3","0","2","0","0"
"9/26/2017","2","0.4","10","6.9","29.1"
"9/27/2017","0","0","0","0","0.2"
"9/28/2017","0","0","0","0","0"
"9/29/2017","10","1","33","34","0.9"
"9/30/2017","0","0.2","0","0.6","22.4"
"10/1/2017","0","0.2","0","0.2","2.4"
"10/2/2017","0","0","3.3","49","14.2"
"10/3/2017","1.2","2","4","22","3"
"10/4/2017","0","0.3","0.2","9","0.7"
"10/5/2017","0","0","0.5","0","0.2"
"10/6/2017","2","0.1","13","6","0.2"
"10/7/2017","2","12","22.4","9","3"
"10/8/2017","0","0.4","2","0.5","4.2"
"10/9/2017","0","0","0","0","0"
"10/10/2017","10","24","24","11.4","5.2"
"10/11/2017","54","60","33","48","42"
"10/12/2017","11.3","5","0.4","21","21"
"10/13/2017","12.3","13.2","22","0.9","0.1"
"10/14/2017","0","0","0","0","0"
"10/15/2017","0","0","0","0","0"
"10/16/2017","6","8","24","3","0"
"10/17/2017","5","1.7","12","0.5","0.3"
"10/18/2017","1.9","0.4","16","0.1","0.2"
"10/19/2017","2.6","0","0.6","0.5","2.1"
"10/20/2017","0.3","0","0","0","0"
"10/21/2017","3","0","0","0.1","0"
"10/22/2017","1","0","0","1.2","4"
"10/23/2017","0.2","0","0","2","3.6"
"10/24/2017","0","0","0","0","0"
"10/25/2017","0","0","0","0","0"
"10/26/2017","5","0","0","0","0.1"
"10/27/2017","2.3","0","0","0","1.1"
"10/28/2017","0.2","0","0","0.2","0"
"10/29/2017","0.3","3","0","38","6"
"10/30/2017","0","0","0","0","0"
"10/31/2017","0","0","0","0","0"
"11/1/2017","0","0","0","0","0"
"11/2/2017","0","0","0","0","0"
"11/3/2017","0","0","0","0","0"
"11/4/2017","0","0","0","0","0"
"11/5/2017","0.1","0","0","0.2","0.5"
"11/6/2017","1","0.6","0.2","0.8","3"
"11/7/2017","3.7","0.3","0.1","2.3","7.6"
"11/8/2017","4","0","0","3","1"
"11/9/2017","1","7.8","14","5","3"
"11/10/2017","0.2","1.4","0","1","0.2"
"11/11/2017","0.4","0","0","0","0.3"
"11/12/2017","0","0","0","2.2","0"
"11/13/2017","0","0","0","1","0"
"11/14/2017","0","0","0","2.2","0"
"11/15/2017","0","0","0","3","0"
"11/16/2017","0","0","0","0","0"
"11/17/2017","0","0","0","0","0"
"11/18/2017","2","2.3","2","0","0.9"
"11/19/2017","0","0","0","0","0.5"
"11/20/2017","0.6","0","3","0.9","0"
"11/21/2017","0.2","0","0.1","0.1","0"
"11/22/2017","0.4","0","0.6","0.8","0"
"11/23/2017","4","5","2","3.9","3.7"
"11/24/2017","21","10","18","13","22"
"11/25/2017","8","6.5","7","10","12"
"11/26/2017","0","0.2","0.4","0.1","0.4"
"11/27/2017","0","0","0","0","0"
"11/28/2017","0","0","0","0","0"
"11/29/2017","0","0","0","0","0"
"11/30/2017","0","0","0","0","0"
"12/1/2017","0.7","0","0","6","0.9"
"12/2/2017","0","0","0","0","0"
"12/3/2017","0","0","0","0","0"
"12/4/2017","0","0","0","0.2","0"
"12/5/2017","0","0","0","0","0"
"12/6/2017","0","0","0","0","0"
"12/7/2017","0","0","0","0","0"
"12/8/2017","2","0.4","0","5.7","6"
"12/9/2017","0.2","0","0","0.3","0.1"
"12/10/2017","0","0","0","0","0"
"12/11/2017","0","0","0","0.3","0.1"
"12/12/2017","0.4","0","1","0.2","0"
"12/13/2017","0.8","0","4","0","0"
"12/14/2017","0.6","0","2.4","0.3","0"
"12/15/2017","0.1","0","1","0","0"
"12/16/2017","0","0","0","3","0.2"
"12/17/2017","0","0","0","0","0"
"12/18/2017","0","0","0","0","0"
"12/19/2017","0","0","0","0","0"
"12/20/2017","0","0","0","0","0"
"12/21/2017","0","0","0","0","0"
"12/22/2017","0","0","0","0","0"
"12/23/2017","0","0","0","0","0"
"12/24/2017","0","0","0","0","0"
"12/25/2017","0","0","0","0","0"
"12/26/2017","0","0","0","0","0"
"12/27/2017","12","12","5","14","17"
"12/28/2017","9","9.2","13","13","8.1"
"12/29/2017","0","0","3","0","0"
"12/30/2017","0.2","1.3","11","4","3"
"12/31/2017","0","0","0","0","2.2"
"1/1/2018","0","0","0","0","0"
"1/2/2018","0.7","0","1.2","1.7","0"
"1/3/2018","3","0","1.6","5","1.3"
"1/4/2018","4.2","1.2","10","2.4","2.3"
"1/5/2018","0","0","2","0","0.1"
"1/6/2018","10","13","13","13","11"
"1/7/2018","0","1.3","1.7","4","1.3"
"1/8/2018","42","7","8","10","8"
"1/9/2018","0","0.4","2","2","4"
"1/10/2018","0","0","0","0","0"
"1/11/2018","0","0","0","0","0"
"1/12/2018","0","0","0","0","0"
"1/13/2018","0","0","0","0","0"
"1/14/2018","0","0","0.1","0","0"
"1/15/2018","0","0","1.9","0","0"
"1/16/2018","0","0","0.8","0","0"
"1/17/2018","0","0","0","0","0"
"1/18/2018","0","0","0","0","0"
"1/19/2018","0","0","0","2.1","0"
"1/20/2018","0","0","0","0","0"
"1/21/2018","0","0","0","0","0"
"1/22/2018","0","0","10","0","0"
"1/23/2018","0","0","0","0","0"
"1/24/2018","0","0","0.2","0","0"
"1/25/2018","0","0","0","0","0"
"1/26/2018","0","0","10","1","0"
"1/27/2018","1.3","0.6","13","15","0.7"
"1/28/2018","0","1","2.3","2","0"
"1/29/2018","0","0","0.4","4","4"
"1/30/2018","0","0","0","0","0.1"
"1/31/2018","0","0","0","0","0"
"2/1/2018","0","0","0","0","0"
"2/2/2018","0","0","0","0","0.2"
"2/3/2018","0","0","0","0","0"
"2/4/2018","0","0","0","0","0"
"2/5/2018","0","0","0","0","0"
"2/6/2018","0","0","0","0","0"
"2/7/2018","0","0","0","0","0"
"2/8/2018","0","0","0","0","0"
"2/9/2018","0","0","0","0","0"
"2/10/2018","0","0","1.1","0","0"
"2/11/2018","0","0","0","0","0"
"2/12/2018","0","0","0","0.1","0"
"2/13/2018","0","0","0","0.1","0"
"2/14/2018","0","0","0","0.1","0"
"2/15/2018","0","0","0","0","0"
"2/16/2018","0","0","0","0","0"
"2/17/2018","0","0","0","0","0"
"2/18/2018","0","0","0","0","0"
"2/19/2018","0","0","2","0","0"
"2/20/2018","0","0","1.1","0","0"
"2/21/2018","0","0","0","0","0"
"2/22/2018","0","14","9","6","0"
"2/23/2018","0","0.8","0","1","0"
"2/24/2018","0","0.1","0.1","0","0"
"2/25/2018","0","0","0.8","0","0"
"2/26/2018","0","0","0","0.6","0"
"2/27/2018","0.1","1","15","4","0.7"
"2/28/2018","0","0","3","0.1","0"
"3/1/2018","0","0","0","0","0"
"3/2/2018","0","0","0","0","0"
"3/3/2018","0","0","0","0","0"
"3/4/2018","13","2","0","0","0"
"3/5/2018","0","0","0","0","0"
"3/6/2018","0","0","0","0","0"
"3/7/2018","0","0","1","0","0"
"3/8/2018","11","5.1","5.4","11","20"
"3/9/2018","0","0","0","0","0"
"3/10/2018","0","0","0","0","0"
"3/11/2018","0","0","0","0","0"
"3/12/2018","0.2","0.6","2.2","2","2.1"
"3/13/2018","5","2.2","5","3.3","4"
"3/14/2018","0","0","0.1","0.3","0"
"3/15/2018","0","0","0","0.1","0"
"3/16/2018","0","0","0","0","0"
"3/17/2018","0","0","1.3","1.1","0"
"3/18/2018","0","9","13.2","5","10"
"3/19/2018","5","3","5","2","7"
"3/20/2018","0","2","0.9","2","0"
"3/21/2018","0","0","0","0","0.3"
"3/22/2018","0","0","0","0","0"
"3/23/2018","0.6","0.3","0.1","2","2"
"3/24/2018","0.2","0","1.1","1.8","0.1"
"3/25/2018","0.9","0.7","3.7","1","0"
"3/26/2018","0","0","3","0.6","0"
"3/27/2018","0.1","0.3","0.6","2.1","0"
"3/28/2018","13.7","9","9.5","16.1","11.4"
"3/29/2018","7","0","4","2.1","0"
"3/30/2018","0","0","0","0.6","0"
"3/31/2018","0","0","0","0.6","0"
"4/1/2018","0","0","0","0","0"
"4/2/2018","0","0","0","0","0"
"4/3/2018","0","0","0","0","0"
"4/4/2018","0","0","0","0.1","0"
"4/5/2018","0","0","0","0","0.6"
"4/6/2018","3","3","3.9","20","26"
"4/7/2018","0.4","0","0","0","0.3"
"4/8/2018","0","0","0","0","0"
"4/9/2018","0","0","0","0","0"
"4/10/2018","0","0","0.2","0","0"
"4/11/2018","0","0","1","0.3","0"
"4/12/2018","0","0","0","0.3","0"
"4/13/2018","0","0","0","0","0"
"4/14/2018","0","0","0","0","0"
"4/15/2018","20","18","24","27.4","12"
"4/16/2018","6","1","5.3","2","11"
"4/17/2018","0","0","0","0","0"
"4/18/2018","0","0","0","0","0.1"
"4/19/2018","0","0","0","0","0.1"
"4/20/2018","0","0","0","1.4","0.5"
"4/21/2018","0","0","0.5","0.7","0"
"4/22/2018","0","0","3","0","0"
"4/23/2018","0","0","0","0","0"
"4/24/2018","0","0","46","0","0"
"4/25/2018","27","2.2","1.4","1.1","0.8"
"4/26/2018","0.8","0","1","0.1","0"
"4/27/2018","4.2","1.6","0","9","5.8"
"4/28/2018","0","0","0","0","0"
"4/29/2018","1","0.3","2","4","5"
"4/30/2018","0","0","0.1","0","0"
"5/1/2018","0","0","0","0","0"
"5/2/2018","32","5","26","4","11"
"5/3/2018","7","26","1","15","2"
"5/4/2018","30","90","29.6","55","15.6"
"5/5/2018","37","14","14.1","48","48"
"5/6/2018","0.5","2","4","4","0.2"
"5/7/2018","0","0","0","0","0"
"5/8/2018","0","0","0.1","0","0"
"5/9/2018","0","0.7","4","0","0.6"
"5/10/2018","0.9","2","3.1","0","0"
"5/11/2018","0.1","0","38","0.4","0"
"5/12/2018","0","0","0","0","0"
"5/13/2018","0","0.7","13","0","2.2"
"5/14/2018","2","0","0","0","0"
"5/15/2018","0","0.4","3","0","0"
"5/16/2018","0","0","0","0.3","0"
"5/17/2018","0","0","5","0","0"
"5/18/2018","0","0","0","0","0"
"5/19/2018","5","0","0","22","1"
"5/20/2018","2","1","0","0.4","0"
"5/21/2018","0","10","0","11","1"
"5/22/2018","0","0","0","0","0.9"
"5/23/2018","5","0","0","37","30"
"5/24/2018","5","0","0","12","0.2"
"5/25/2018","0","0.1","0","0","0"
"5/26/2018","0","0","0","0","0"
"5/27/2018","19","3","11","43.1","35"
"5/28/2018","0.2","2","0.3","5.7","38"
"5/29/2018","0","0","4","0","0"
"5/30/2018","0","0.6","4","0","3"
"5/31/2018","53","8","0","8","12"
"6/1/2018","0","0","50","0.5","3"
"6/2/2018","19.7","4.8","26.2","39","3.3"
"6/3/2018","34","48","4.9","14","0"
"6/4/2018","11","2.2","155","16","40"
"6/5/2018","2","2","0.1","0.8","0.1"
"6/6/2018","0","0","0","0","0"
"6/7/2018","0","0","0","0","0"
"6/8/2018","0","0","0","0","0"
"6/9/2018","0.4","0","0","0","1"
"6/10/2018","1.2","2.7","0","8","9.4"
"6/11/2018","5.4","16","21.4","13","5"
"6/12/2018","0","0","0.6","0","0"
"6/13/2018","3.6","0","63","1","0.8"
"6/14/2018","30.9","23","80.1","7","15"
"6/15/2018","0.2","1","5","0.7","1"
"6/16/2018","1","0","2.5","0.1","0"
"6/17/2018","3","0","4.1","17","16"
"6/18/2018","5.5","6","26","46","2"
"6/19/2018","10","0","0","58.7","20.1"
"6/20/2018","4","0","4","44.3","11"
"6/21/2018","0","0.4","3","0","0"
"6/22/2018","0","0.1","0.3","0","0"
"6/23/2018","18","4","5","18","10"
"6/24/2018","46","13","49","113","80"
"6/25/2018","23","33","16","171","20"
"6/26/2018","13","1.3","13","28","10"
"6/27/2018","3.4","1","9","21","21.5"
"6/28/2018","2","0","0","0","1.1"
"6/29/2018","0","0","0","0","0.2"
"6/30/2018","4","0","0.1","0","0"
"7/1/2018","0.6","0","0","17","0"
"7/2/2018","0","0","0","2","0"
"7/3/2018","0","0","7.9","0","0"
"7/4/2018","0","0","0","0","0"
"7/5/2018","3","0","0","0","0"
"7/6/2018","73","15","2","37","8"
"7/7/2018","0.6","0.8","51.2","6","15"
"7/8/2018","3.7","3","11.8","36","12"
"7/9/2018","0.7","7.8","3","0.4","1.1"
"7/10/2018","22","4","0.2","3.6","2"
"7/11/2018","7","4","0","47","29.1"
"7/12/2018","0","0","0","0","0"
"7/13/2018","0","0","0","0","0"
"7/14/2018","3","5","21","24","3"
"7/15/2018","16","22","26","25.4","20"
"7/16/2018","11","0.4","0.5","0.4","0.6"
"7/17/2018","15","0","0.7","0.3","2"
"7/18/2018","1.3","0.6","6","0.7","0"
"7/19/2018","12","10.8","4.2","29","12"
"7/20/2018","50","44","29","6","14"
"7/21/2018","1.8","12","34","2.2","3.9"
"7/22/2018","0","7","0","0.4","0"
"7/23/2018","0","3","0","0","5"
"7/24/2018","3","18","0.7","27","10"
"7/25/2018","18","15","7","34","18"
"7/26/2018","16","7","13","53","87"
"7/27/2018","8","2.6","28","10.2","5"
"7/28/2018","0.5","6","20","40","9.3"
"7/29/2018","3","3.7","1.7","23","35"
"7/30/2018","0","1","0.3","0","11"
"7/31/2018","12.5","0.1","47","7","39.1"
"8/1/2018","16","9","10.8","31","14"
"8/2/2018","31","3","0.8","10","8.1"
"8/3/2018","10.1","16.7","41","30","32"
"8/4/2018","27","6.7","82","2","3"
"8/5/2018","5","1.5","0.4","52","15.3"
"8/6/2018","0","0","6","26","0"
"8/7/2018","10","3","0","29","13"
"8/8/2018","40","10","31","79","18.7"
"8/9/2018","2","0","0","0","8.2"
"8/10/2018","0","0","17","0","0.4"
"8/11/2018","0.2","5","1","10","41"
"8/12/2018","33","34","1","3","4.8"
"8/13/2018","0","5","0","0","0"
"8/14/2018","0","0","0","0.2","0"
"8/15/2018","0","0.8","1.2","0","0"
"8/16/2018","17","16","30.6","8.7","4.9"
"8/17/2018","4","0.5","21.4","3","3.4"
"8/18/2018","0","0","0","0.2","4"
"8/19/2018","0","0","0","0","0"
"8/20/2018","0","1","0","0","0"
"8/21/2018","19","0","0.6","0","2"
"8/22/2018","2","0","3","72","1"
"8/23/2018","11.1","10","1.1","38","25.9"
"8/24/2018","0.2","10","28","42","80"
"8/25/2018","0","0","0","0.9","9"
"8/26/2018","0","13","8","8","0"
"8/27/2018","2","0","0","0","0"
"8/28/2018","1.2","0.5","3.9","4","18"
"8/29/2018","9","2.3","20","16","8"
"8/30/2018","12","13","19","12.2","3"
"8/31/2018","38","43","6","13","38"
"9/1/2018","27","8","0.4","21.4","31.1"
"9/2/2018","55","26.5","49","31.1","51"
"9/3/2018","1.2","20.5","2.8","53","21"
"9/4/2018","0","0","0","0","2"
"9/5/2018","0","0","0","0","0"
"9/6/2018","0","0","0","0.1","0"
"9/7/2018","8","1","20","69","20.3"
"9/8/2018","0","0","0","0","0"
"9/9/2018","0.7","0","0","0","0"
"9/10/2018","0","0","0","2","1.1"
"9/11/2018","0","0","0","0","0"
"9/12/2018","0","0","0","0","0.2"
"9/13/2018","0","0","0","44","11"
"9/14/2018","10","4.2","21","9.3","12"
"9/15/2018","0","1","0.7","0.1","0.1"
"9/16/2018","0","0","0","0","0"
"9/17/2018","5","7","24","2","2"
"9/18/2018","11","14","27","14","4"
"9/19/2018","16","11.3","22.6","15.1","16.2"
"9/20/2018","0","0","0","0","0"
"9/21/2018","0","0","0","0","0"
"9/22/2018","0","0","0","0","0"
"9/23/2018","0","0","0","0","0"
"9/24/2018","0","0","0","0","0"
"9/25/2018","0","0","0","0","0"
"9/26/2018","0","0.2","0","10","0"
"9/27/2018","0","0","38","11","0"
"9/28/2018","1","0","0.1","13.7","34"
"9/29/2018","0","0","0","0","0"
"9/30/2018","0","0","0","0","0"
"10/1/2018","0","0","0","0","0"
"10/2/2018","0","0","0","0","0.6"
"10/3/2018","0","0","0","0","0"
"10/4/2018","0.1","0","0","0","0"
"10/5/2018","1","0","0","0","0"
"10/6/2018","5","0","0","0","0"
"10/7/2018","0.3","0.7","0","0","0"
"10/8/2018","0.3","0","0","0.6","1"
"10/9/2018","33","2","0","10","0"
"10/10/2018","1.3","4.5","23.8","0.5","0"
"10/11/2018","0.4","0.1","0.1","0","0.2"
"10/12/2018","0.2","0","0","0.2","0.1"
"10/13/2018","0","0","0.5","0","0.1"
"10/14/2018","0.1","0.6","3.2","2.2","0.6"
"10/15/2018","1","1.2","13","3","0.8"
"10/16/2018","1.1","9","2","7","14.4"
"10/17/2018","8","6.9","30","7","5"
"10/18/2018","0","0","1.4","1","0"
"10/19/2018","0.1","0.5","2","0.4","0"
"10/20/2018","0.6","0","0.6","4","0.8"
"10/21/2018","0","0.4","3.1","1.6","0"
"10/22/2018","4","6","8.8","18","19"
"10/23/2018","50","78","48","53","7.9"
"10/24/2018","4.9","10.8","8.9","8","7"
"10/25/2018","0.9","0","0.3","2.9","0.1"
"10/26/2018","6","2","5","2","3"
"10/27/2018","2.1","0.2","0","15.1","15.1"
"10/28/2018","0.8","0","0","0","0"
"10/29/2018","0","0","0","0.4","0"
"10/30/2018","0","0","0","0","0"
"10/31/2018","0","0","0","0","0"
"11/1/2018","0","0","0","0","0"
"11/2/2018","0","0","0","0","0"
"11/3/2018","0","0","0","0","0"
"11/4/2018","0","0","0","0","0"
"11/5/2018","0","0","0","2.1","0"
"11/6/2018","0","0","0","0.4","0"
"11/7/2018","0","0","0","3.2","0"
"11/8/2018","4","3","2","20","12"
"11/9/2018","0","0","0","0","0"
"11/10/2018","0","0","0","0","0"
"11/11/2018","6","0.9","4.6","1.1","0.8"
"11/12/2018","0.5","0","0","0","0"
"11/13/2018","0","0","1","0","0"
"11/14/2018","0","0.1","0.7","1.8","0.7"
"11/15/2018","0","0","8","0","0"
"11/16/2018","1","4","16.1","3","0"
"11/17/2018","0","2","1.5","0.5","0"
"11/18/2018","0","4","4","1","0"
"11/19/2018","0","11.6","0.3","0.1","0"
"11/20/2018","0","0","2.1","0.6","0"
"11/21/2018","0","0","0.2","0.1","0"
"11/22/2018","0","0","0","0.6","1"
"11/23/2018","0","0","0","0","0"
"11/24/2018","0","0","0","0","0"
"11/25/2018","0","0","0","0","0"
"11/26/2018","0","0","0","0","0"
"11/27/2018","0","0","0","0","0"
"11/28/2018","0","0","0","0","0"
"11/29/2018","0","0","0","0","0"
"11/30/2018","0","0","0","0","0"
"12/1/2018","0","0","1","0","0"
"12/2/2018","0","0.1","0","0","0"
"12/3/2018","0","0","0","0","0"
"12/4/2018","0","0","0","0","0"
"12/5/2018","0","0","0","0","0"
"12/6/2018","0","0","0","1","0"
"12/7/2018","0","0","0.6","0.3","0"
"12/8/2018","1.5","0.4","7","3.6","1"
"12/9/2018","0.7","0","0.5","1.1","0"
"12/10/2018","10.4","3","0.1","1","3"
"12/11/2018","0.8","0.1","1.1","0.2","0"
"12/12/2018","1","5","8","2.5","2.5"
"12/13/2018","0.1","0.1","0.6","0","0.2"
"12/14/2018","0","0","0.1","0","0"
"12/15/2018","0.1","0","0.1","0","0"
"12/16/2018","0.3","0","1.1","0.8","0"
"12/17/2018","0","0","0","0","0"
"12/18/2018","0","0","0","0","0"
"12/19/2018","0","0","0","0","0"
"12/20/2018","0","0","0","0.4","0.6"
"12/21/2018","0","0","0","0","0"
"12/22/2018","0","0","0","0","0"
"12/23/2018","0","0","0","0","0"
"12/24/2018","0.3","0","0.2","2","0"
"12/25/2018","0","0","0","0","0"
"12/26/2018","0","0","0","0","0"
"12/27/2018","0","0","0.2","0.1","0"
"12/28/2018","1","0.1","2.6","9","0"
"12/29/2018","6","0.7","5","18","2.2"
"12/30/2018","5.3","9","13","11","11"
"12/31/2018","0","0","0.2","0.1","0"
"1/1/2019","0","0","0","0","0"
"1/2/2019","0.7","0","0","0.5","0"
"1/3/2019","0.3","0.5","0.6","0","0"
"1/4/2019","0","0","1.4","0","0"
"1/5/2019","0","0","2.3","0","0"
"1/6/2019","0","0","0.8","0","0"
"1/7/2019","0.1","0","1.2","0","0"
"1/8/2019","38","2","6","18","9"
"1/9/2019","20","24","15","38","42"
"1/10/2019","6","4","11","2.9","5.5"
"1/11/2019","0.3","0","1.1","0.1","0"
"1/12/2019","0","0","2.2","0.2","0"
"1/13/2019","0","0","0","0","0"
"1/14/2019","0","0","0.9","0.9","0"
"1/15/2019","1","0.4","2.9","12","0"
"1/16/2019","9","9","4","14","16"
"1/17/2019","0","0","0.4","0","0"
"1/18/2019","0","0","0.3","0","0"
"1/19/2019","0","0","0.1","0","0"
"1/20/2019","0","0","11.1","0","0"
"1/21/2019","19","24.9","10","19","10"
"1/22/2019","0","0","0","0","0.4"
"1/23/2019","0","0","0","0","0"
"1/24/2019","0","0","0","0","0"
"1/25/2019","0","0","0","0","0"
"1/26/2019","0","0","0","0","0"
"1/27/2019","0","0","0","0","0"
"1/28/2019","0","0","0","0","0"
"1/29/2019","0","0","0","0.2","0"
"1/30/2019","0","0","2.1","2.7","0.7"
"1/31/2019","0","0","0","0","0"
"2/1/2019","0","0","0.4","0.6","0"
"2/2/2019","0","0","0","0","0"
"2/3/2019","0","0","0","0","0"
"2/4/2019","0","0","0","0","0"
"2/5/2019","0","0","0","0","0"
"2/6/2019","0","0","0","0","0"
"2/7/2019","0","0","0","0","0"
"2/8/2019","0","0","0","0","0"
"2/9/2019","0","0","0","0","0"
"2/10/2019","0","0","0","0","0"
"2/11/2019","0","0","0.3","0.4","0"
"2/12/2019","0","0","1.5","2","0"
"2/13/2019","0","0","2","1","0"
"2/14/2019","0","0","0.4","0.4","0"
"2/15/2019","0","0","1","0.4","0"
"2/16/2019","0","0","0.3","0","0"
"2/17/2019","14","53","16","35","24"
"2/18/2019","3","20","21","9","1"
"2/19/2019","0","0","0.1","0","0"
"2/20/2019","0","0","0","0","0"
"2/21/2019","0","0","0","0","0"
"2/22/2019","0","1","0.2","1","0"
"2/23/2019","0.1","1","4.2","1.4","0"
"2/24/2019","0","0","0","3","0"
"2/25/2019","0","0","1","0","0"
"2/26/2019","0","0","2","0","0"
"2/27/2019","4","0","0.8","0.1","0"
"2/28/2019","0","0","0.4","0","0"
"3/1/2019","0","0","0.5","0.1","0"
"3/2/2019","0","0","0","0.3","0"
"3/3/2019","0","0","0","0","0"
"3/4/2019","0","2","21","0","0"
"3/5/2019","0","1","2","0","0"
"3/6/2019","20","5","21","7","37.5"
"3/7/2019","23","27","17","23","28"
"3/8/2019","0.2","0.5","1.2","0.2","0.1"
"3/9/2019","0","0","0.8","0","0"
"3/10/2019","3","0","0","0.1","0.1"
"3/11/2019","0","0","0","0","0"
"3/12/2019","0","0","0","0","0"
"3/13/2019","0","0","0","0","0"
"3/14/2019","0","0","0","0","0"
"3/15/2019","0","0.1","0","0.7","0"
"3/16/2019","0.2","0","0.3","0.1","0"
"3/17/2019","0.8","0","3.4","0.1","0"
"3/18/2019","0.7","0","2.1","0.2","0"
"3/19/2019","8","10","4","31.1","9"
"3/20/2019","0","0","0.6","0","0"
"3/21/2019","0","0","0","0","0"
"3/22/2019","0","0","0","0","0"
"3/23/2019","0.1","0","0","6","0"
"3/24/2019","0","0","0","0.2","0"
"3/25/2019","0","0","0.1","0","0"
"3/26/2019","0","0","1.1","0","0"
"3/27/2019","0","0","0.1","0","0"
"3/28/2019","0","0","0.4","0.2","4"
"3/29/2019","1","6","1.3","2","8"
"3/30/2019","0","0","0","0","0"
"3/31/2019","0","0","0","0","0"
"4/1/2019","0.2","0.3","42","8","0"
"4/2/2019","0.3","0","1.2","1","0.2"
"4/3/2019","2","4","9.9","0.7","1.1"
"4/4/2019","0.7","2","16.2","1","0.3"
"4/5/2019","0","0","0.2","0.6","0"
"4/6/2019","17","0","0.7","0.1","0"
"4/7/2019","0","0","0","0","0"
"4/8/2019","4","7.5","3","4","15"
"4/9/2019","0","0","0","0","0"
"4/10/2019","0","0","0","0","0"
"4/11/2019","0","0","0","0","0"
"4/12/2019","0","1","0.3","0","0"
"4/13/2019","0","0","0.8","0","0"
"4/14/2019","9","0","0.1","0","0"
"4/15/2019","22","12","12","10","35"
"4/16/2019","1.2","0.1","10","1.8","0"
"4/17/2019","0","0","0","2","0"
"4/18/2019","0","0","2","0","0"
"4/19/2019","0","0","0","0","0"
"4/20/2019","0","0","0","0","0"
"4/21/2019","0","0","0","0","0"
"4/22/2019","0","0","0","0","0"
"4/23/2019","0","0","0","0","6"
"4/24/2019","0","0","0","0.4","2"
"4/25/2019","0","0","0","0","0"
"4/26/2019","1","0","0.5","0","0"
"4/27/2019","0","15","0","0.1","2"
"4/28/2019","0","0","0","0","3"
"4/29/2019","6","30","0.2","5","5"
"4/30/2019","19","0.4","24","16","0"
"5/1/2019","2","6","3","7","33"
"5/2/2019","0","0","0","0","0"
"5/3/2019","1.7","0.5","1.6","0","0"
"5/4/2019","2.1","0","4","0.4","0"
"5/5/2019","1","0","2","0.1","0"
"5/6/2019","0","0","1.1","0","0"
"5/7/2019","0.3","10","17","8","8"
"5/8/2019","0","10","4","0.7","0"
"5/9/2019","0","0","0.2","3","0"
"5/10/2019","0.1","0","0","0.5","0"
"5/11/2019","2.1","0","8.3","0.1","0"
"5/12/2019","3","0","0.1","7","0.2"
"5/13/2019","0","0","0","11.2","1"
"5/14/2019","1","0.5","0.5","19","6"
"5/15/2019","0","0","0","0","0"
"5/16/2019","0","0","0","0","0"
"5/17/2019","0","0","0","0","0"
"5/18/2019","0","0","0","0","0"
"5/19/2019","0","0","0","0","0"
"5/20/2019","0","0","0","2","0"
"5/21/2019","0","0","0","0.8","0"
"5/22/2019","1.2","20","3","18","14.1"
"5/23/2019","0","0","0","0","0"
"5/24/2019","0","0","0.1","0.8","1.1"
"5/25/2019","0","2","1.3","5","11"
"5/26/2019","0","0.2","0.9","5","0"
"5/27/2019","75","44","171","12.9","5.7"
"5/28/2019","0.7","0","37","9","4"
"5/29/2019","2","12","12","23","28"
"5/30/2019","1","1.8","5","0.7","0"
"5/31/2019","32","5","6.2","83","60"
"6/1/2019","26","9","19.9","4.7","6"
"6/2/2019","0.1","0","0.3","0","0"
"6/3/2019","0","0","0","0","0"
"6/4/2019","0","0","0","14","5"
"6/5/2019","0","0","2","10","13"
"6/6/2019","0.4","0","0","18","0"
"6/7/2019","0","0","0","16","0"
"6/8/2019","0","0","0","0","0.3"
"6/9/2019","0","0.5","0","0","0"
"6/10/2019","133","29","13","0","0"
"6/11/2019","0.9","27","50","37","0"
"6/12/2019","0.8","1","1","0","0"
"6/13/2019","42","41","82","3.2","6.2"
"6/14/2019","15","4.6","0.8","11","3"
"6/15/2019","0.1","2.1","16","27.7","0"
"6/16/2019","0","0","22.5","3","0"
"6/17/2019","6","0","40","32.5","17"
"6/18/2019","9","2.1","7","31.1","21.1"
"6/19/2019","22","11","0.6","36","22.4"
"6/20/2019","0","0.6","0","0","0"
"6/21/2019","0","0","0","0","0"
"6/22/2019","0","0","0","0","0"
"6/23/2019","74","16","62.2","1.2","0"
"6/24/2019","2","22.3","2.4","38","44"
"6/25/2019","0","0.8","3","0.1","0"
"6/26/2019","0.1","0.1","13","0","0"
"6/27/2019","0","0","0.7","0","0"
"6/28/2019","0","0","18","0","0"
"6/29/2019","42","4","40","19","0"
"6/30/2019","0.9","9","2.5","27","46"
"7/1/2019","0","0","0","0","19"
"7/2/2019","0.2","4.1","6","0","0.3"
"7/3/2019","0","0","17","0","0"
"7/4/2019","19","27","32","31","43"
"7/5/2019","11","2","2.8","25","11"
"7/6/2019","5","19","1","0.8","0.1"
"7/7/2019","12","0.6","0.2","0.4","8"
"7/8/2019","3","0","0.9","0.2","0"
"7/9/2019","23.3","41","20","9","4"
"7/10/2019","11.4","5.3","19","10.2","9"
"7/11/2019","4","4.1","1.7","10","5"
"7/12/2019","0","0","0.3","0","0.1"
"7/13/2019","2","0.8","0.6","0.5","0"
"7/14/2019","34","19","51","9","2.3"
"7/15/2019","11","0.2","288","0.4","0"
"7/16/2019","3.3","0.8","7","17.5","36"
"7/17/2019","0","0","0.1","17","0"
"7/18/2019","0","0","0","0","0"
"7/19/2019","9","0","9","0.3","0"
"7/20/2019","0.7","5","7","39","31"
"7/21/2019","4","0","0","0","0"
"7/22/2019","7.1","0","0.9","3.1","2"
"7/23/2019","5.8","27","0.3","10.1","25"
"7/24/2019","6","18","41","40","4.3"
"7/25/2019","11","11","3","4","14"
"7/26/2019","0.7","0.2","0","0.7","2.7"
"7/27/2019","0.4","0","2","45.8","2"
"7/28/2019","0","0","3","1","0.1"
"7/29/2019","0.2","8","2","59","12"
"7/30/2019","2","8","10","41","5"
"7/31/2019","3.4","5","8","30","7.3"
"8/1/2019","4","3.8","22","2","6"
"8/2/2019","4.3","8","7","0.6","2.7"
"8/3/2019","13","12","39","12","0.9"
"8/4/2019","4","10.3","21.4","0.7","4.3"
"8/5/2019","7","22.2","13","0.8","8.2"
"8/6/2019","0","0","0","3","25"
"8/7/2019","1","0","0","0","0"
"8/8/2019","0","12","0.7","31","8"
"8/9/2019","7.9","4","10","24","4"
"8/10/2019","0.1","0","7","0","0.3"
"8/11/2019","0.9","30","7.9","18","4"
"8/12/2019","0","0","0.1","0","0"
"8/13/2019","0","0","0","0","0"
"8/14/2019","25","0","0.6","0.3","0"
"8/15/2019","0","0","10.3","0","0"
"8/16/2019","0","0.7","6","0","7"
"8/17/2019","0","0","0","0","0"
"8/18/2019","0","1","0","0","0"
"8/19/2019","0","8","0","0","0"
"8/20/2019","0.4","3","3","0","0.8"
"8/21/2019","0","4","0","17","0"
"8/22/2019","5","2","17","49","13"
"8/23/2019","0.2","3.4","0.2","17","21"
"8/24/2019","0","0","0","16.3","3"
"8/25/2019","0","0","0","0","0.1"
"8/26/2019","2","0.5","32","0","0"
"8/27/2019","9.5","1","15","40","16"
"8/28/2019","1","3","0","4","0.2"
"8/29/2019","0","0","0","0","0"
"8/30/2019","3","18","37","9.9","5.7"
"8/31/2019","15","35","23.1","47","26"
"9/1/2019","0.2","3","27","1.2","4"
"9/2/2019","0","0","0","0","2"
"9/3/2019","4","0.3","0","0","0.1"
"9/4/2019","0","0","0","0","0"
"9/5/2019","0","0","0","0","0"
"9/6/2019","0","0","0","0.3","2"
"9/7/2019","0","0","0","0.7","0"
"9/8/2019","0.8","0","0","8","0"
"9/9/2019","26","5.1","8.5","5.1","11"
"9/10/2019","57","26","82","85","79"
"9/11/2019","57","22","0.6","38","49"
"9/12/2019","15","0","0.2","0.2","0.1"
"9/13/2019","0","0","0","14","0"
"9/14/2019","0","0","0","0","0"
"9/15/2019","0","0","0.9","0","0"
"9/16/2019","0","0","18","0","0"
"9/17/2019","0","0","15","4","0.4"
"9/18/2019","11","13","39","9","26.2"
"9/19/2019","2","11","0.1","0","0"
"9/20/2019","0","2","0","18","16"
"9/21/2019","0","0","0","0","0"
"9/22/2019","0","0","0","0","0"
"9/23/2019","0","0","0","0","0"
"9/24/2019","0","0","0","0","0"
"9/25/2019","0","0","0","0","0"
"9/26/2019","0","0","0","0","0"
"9/27/2019","0","0","0","0","0"
"9/28/2019","0","0","0","0","0"
"9/29/2019","0","0","0","0","0"
"9/30/2019","0","0","0","0","0"
"10/1/2019","0","0","0","0","0"
"10/2/2019","0","0","0","0","0"
"10/3/2019","0.4","0","0","0.1","0"
"10/4/2019","0","0","3","0","0"
"10/5/2019","0","0","0","0","0"
"10/6/2019","0.1","0","0","4","0"
"10/7/2019","0","9","4.3","0","0"
"10/8/2019","7","7.8","11.1","14.4","6"
"10/9/2019","0.7","2.3","2","0.3","0.2"
"10/10/2019","0","0.5","0.1","0.1","0"
"10/11/2019","0","0","0","0.1","0.3"
"10/12/2019","20","29.4","1","2","0.9"
"10/13/2019","12","6","4","5","9"
"10/14/2019","0.4","0.2","0.8","0","0.1"
"10/15/2019","0.2","0","0","0","0"
"10/16/2019","0","0","0","0","0.2"
"10/17/2019","9","12","0","0","2"
"10/18/2019","0.3","2","0.2","1","3.2"
"10/19/2019","0","0","0","0.7","0"
"10/20/2019","0","0","0","0","0"
"10/21/2019","0","0","0","0.8","0"
"10/22/2019","0","0","0","0.5","0"
"10/23/2019","0","0","2.1","0.6","0"
"10/24/2019","5.2","14.2","3","21","0.8"
"10/25/2019","0.2","0","0.1","0.1","0"
"10/26/2019","3","0","0.2","1","0.8"
"10/27/2019","0.4","0","1.2","0.4","0"
"10/28/2019","7","13","8","24","6"
"10/29/2019","0","0","0","0","0"
"10/30/2019","0","0","0","0","0"
"10/31/2019","0","0","0","0","0"
"11/1/2019","4","0","0","3","3"
"11/2/2019","2","4","2.1","9.8","6"
"11/3/2019","0.4","0.9","0.2","0.1","0"
"11/4/2019","0","0","0","0","0"
"11/5/2019","0","0","0","0","0"
"11/6/2019","0","0","0","0","0.1"
"11/7/2019","0","0","0","0","0"
"11/8/2019","0","0","0","0","0"
"11/9/2019","0","0","0","0","0"
"11/10/2019","0","0","0","0","0"
"11/11/2019","0","0","0","0","0"
"11/12/2019","0","0","0","0","0"
"11/13/2019","0","0","18","0","0"
"11/14/2019","0","0.1","1","0","0"
"11/15/2019","0","0","0","0","0"
"11/16/2019","0","0","3","4.3","0"
"11/17/2019","0","0","3","2","0"
"11/18/2019","0","1","4.2","0.9","1"
"11/19/2019","0","0","1","0.1","5"
"11/20/2019","0.2","0","0","0","0"
"11/21/2019","0","0","0","0","0"
"11/22/2019","0","0","0","0","0"
"11/23/2019","0","0","0","0.3","0"
"11/24/2019","0","0","0","2","0.2"
"11/25/2019","4","0.1","5","0","0.1"
"11/26/2019","0","0","0","0","0"
"11/27/2019","0","0","0","0","0"
"11/28/2019","0","0","0","0.1","2.6"
"11/29/2019","0","0","0","0","0"
"11/30/2019","0","0","0","0","0"
"12/1/2019","0","0","1","1","0"
"12/2/2019","0","0","0","0","2"
"12/3/2019","0","0","0","0","0"
"12/4/2019","0.2","0","0","0","0"
"12/5/2019","0","0","0","0","0"
"12/6/2019","0","0","0","0","0"
"12/7/2019","0","0","0","0","0"
"12/8/2019","0","0","0","0","0"
"12/9/2019","0","0","0","0","0"
"12/10/2019","0","0","0","0","0"
"12/11/2019","0","0","0","0","0"
"12/12/2019","0","0","0","0","0"
"12/13/2019","0","0","0","0","0"
"12/14/2019","0","0","0","0","0"
"12/15/2019","0","0","0","0","0"
"12/16/2019","0","0","0","0","0"
"12/17/2019","0","0","0","0","0"
"12/18/2019","0","0","0","0","0"
"12/19/2019","0.3","1.8","4.2","4","2"
"12/20/2019","3","1.2","4","13","0"
"12/21/2019","0.4","0.6","5","0.6","0"
"12/22/2019","0","0.2","1.2","0.1","0"
"12/23/2019","0","0","2","0","0"
"12/24/2019","0","0","0.4","0","0"
"12/25/2019","0","0","0.2","0","0"
"12/26/2019","0","2","0.8","0.7","0"
"12/27/2019","0.1","0.1","0.1","0","2"
"12/28/2019","1.9","0.2","0","4","7"
"12/29/2019","0.9","0.9","0","3","0.5"
"12/30/2019","0","0","0","0","0"
"12/31/2019","0","0","0","0","0"
